date_local,time_local,datetime_utc,temp_c,source
2025-10-27,00:00,2025-10-26T23:00:00Z,6.3,AEMET_ult24h
2025-10-27,01:00,2025-10-27T00:00:00Z,6.8,AEMET_ult24h
2025-10-27,02:00,2025-10-27T01:00:00Z,7.3,AEMET_ult24h
2025-10-27,03:00,2025-10-27T02:00:00Z,6.1,AEMET_ult24h
2025-10-27,04:00,2025-10-27T03:00:00Z,4.5,AEMET_ult24h
2025-10-27,05:00,2025-10-27T04:00:00Z,3.4,AEMET_ult24h
2025-10-27,06:00,2025-10-27T05:00:00Z,2.3,AEMET_ult24h
2025-10-27,07:00,2025-10-27T06:00:00Z,1.7,AEMET_ult24h
2025-10-27,08:00,2025-10-27T07:00:00Z,0.9,AEMET_ult24h
2025-10-27,09:00,2025-10-27T08:00:00Z,4.5,AEMET_ult24h
2025-10-27,10:00,2025-10-27T09:00:00Z,8.5,AEMET_ult24h
2025-10-27,11:00,2025-10-27T10:00:00Z,11.5,AEMET_ult24h
2025-10-27,12:00,2025-10-27T11:00:00Z,13.9,AEMET_ult24h
2025-10-27,13:00,2025-10-27T12:00:00Z,14.7,AEMET_ult24h
2025-10-27,14:00,2025-10-27T13:00:00Z,16.1,AEMET_ult24h
2025-10-27,15:00,2025-10-27T14:00:00Z,17.4,AEMET_ult24h
2025-10-27,16:00,2025-10-27T15:00:00Z,18.1,AEMET_ult24h
2025-10-27,17:00,2025-10-27T16:00:00Z,16.4,AEMET_ult24h
2025-10-27,18:00,2025-10-27T17:00:00Z,13.5,AEMET_ult24h
2025-10-27,19:00,2025-10-27T18:00:00Z,10.2,AEMET_ult24h
2025-10-27,20:00,2025-10-27T19:00:00Z,9.0,AEMET_ult24h
2025-10-27,21:00,2025-10-27T20:00:00Z,7.7,AEMET_ult24h
2025-10-27,22:00,2025-10-27T21:00:00Z,6.1,AEMET_ult24h
2025-10-27,23:00,2025-10-27T22:00:00Z,4.5,AEMET_ult24h
2025-10-28,00:00,2025-10-27T23:00:00Z,3.9,AEMET_ult24h
2025-10-28,01:00,2025-10-28T00:00:00Z,2.4,AEMET_ult24h
2025-10-28,02:00,2025-10-28T01:00:00Z,2.5,AEMET_ult24h
2025-10-28,03:00,2025-10-28T02:00:00Z,4.6,AEMET_ult24h
2025-10-28,04:00,2025-10-28T03:00:00Z,5.1,AEMET_ult24h
2025-10-28,05:00,2025-10-28T04:00:00Z,5.3,AEMET_ult24h
2025-10-28,06:00,2025-10-28T05:00:00Z,5.6,AEMET_ult24h
2025-10-28,07:00,2025-10-28T06:00:00Z,5.2,AEMET_ult24h
2025-10-28,08:00,2025-10-28T07:00:00Z,5.1,AEMET_ult24h
2025-10-28,09:00,2025-10-28T08:00:00Z,4.8,AEMET_ult24h
2025-10-28,10:00,2025-10-28T09:00:00Z,5.7,AEMET_ult24h
2025-10-28,11:00,2025-10-28T10:00:00Z,6.8,AEMET_ult24h
2025-10-28,12:00,2025-10-28T11:00:00Z,9.6,AEMET_ult24h
2025-10-28,13:00,2025-10-28T12:00:00Z,13.3,AEMET_ult24h
2025-10-28,14:00,2025-10-28T13:00:00Z,17.8,AEMET_ult24h
2025-10-28,15:00,2025-10-28T14:00:00Z,21.1,AEMET_ult24h
2025-10-28,16:00,2025-10-28T15:00:00Z,21.6,AEMET_ult24h
2025-10-28,17:00,2025-10-28T16:00:00Z,21.1,AEMET_ult24h
2025-10-28,18:00,2025-10-28T17:00:00Z,17.5,AEMET_ult24h
2025-10-28,19:00,2025-10-28T18:00:00Z,13.0,AEMET_ult24h
2025-10-28,20:00,2025-10-28T19:00:00Z,10.6,AEMET_ult24h
2025-10-28,21:00,2025-10-28T20:00:00Z,8.7,AEMET_ult24h
2025-10-28,22:00,2025-10-28T21:00:00Z,7.0,AEMET_ult24h
2025-10-28,23:00,2025-10-28T22:00:00Z,6.7,AEMET_ult24h
2025-10-29,00:00,2025-10-28T23:00:00Z,6.7,AEMET_ult24h
2025-10-29,01:00,2025-10-29T00:00:00Z,5.9,AEMET_ult24h
2025-10-29,02:00,2025-10-29T01:00:00Z,6.9,AEMET_ult24h
2025-10-29,03:00,2025-10-29T02:00:00Z,8.1,AEMET_ult24h
2025-10-29,04:00,2025-10-29T03:00:00Z,8.8,AEMET_ult24h
2025-10-29,05:00,2025-10-29T04:00:00Z,9.9,AEMET_ult24h
2025-10-29,06:00,2025-10-29T05:00:00Z,11.2,AEMET_ult24h
2025-10-29,07:00,2025-10-29T06:00:00Z,10.6,AEMET_ult24h
2025-10-29,08:00,2025-10-29T07:00:00Z,11.2,AEMET_ult24h
2025-10-29,09:00,2025-10-29T08:00:00Z,12.4,AEMET_ult24h
2025-10-29,10:00,2025-10-29T09:00:00Z,13.5,AEMET_ult24h
2025-10-29,11:00,2025-10-29T10:00:00Z,14.5,AEMET_ult24h
2025-10-29,12:00,2025-10-29T11:00:00Z,18.2,AEMET_ult24h
2025-10-29,13:00,2025-10-29T12:00:00Z,19.1,AEMET_ult24h
2025-10-29,14:00,2025-10-29T13:00:00Z,20.5,AEMET_ult24h
2025-10-29,15:00,2025-10-29T14:00:00Z,19.2,AEMET_ult24h
2025-10-29,16:00,2025-10-29T15:00:00Z,18.9,AEMET_ult24h
2025-10-29,17:00,2025-10-29T16:00:00Z,18.8,AEMET_ult24h
2025-10-29,18:00,2025-10-29T17:00:00Z,17.4,AEMET_ult24h
2025-10-29,19:00,2025-10-29T18:00:00Z,14.5,AEMET_ult24h
2025-10-29,20:00,2025-10-29T19:00:00Z,13.8,AEMET_ult24h
2025-10-29,21:00,2025-10-29T20:00:00Z,13.7,AEMET_ult24h
2025-10-29,22:00,2025-10-29T21:00:00Z,13.4,AEMET_ult24h
2025-10-29,23:00,2025-10-29T22:00:00Z,12.6,AEMET_ult24h
2025-10-30,00:00,2025-10-29T23:00:00Z,12.3,AEMET_ult24h
2025-10-30,01:00,2025-10-30T00:00:00Z,11.7,AEMET_ult24h
2025-10-30,02:00,2025-10-30T01:00:00Z,11.5,AEMET_ult24h
2025-10-30,03:00,2025-10-30T02:00:00Z,11.6,AEMET_ult24h
2025-10-30,04:00,2025-10-30T03:00:00Z,9.9,AEMET_ult24h
2025-10-30,05:00,2025-10-30T04:00:00Z,8.3,AEMET_ult24h
2025-10-30,06:00,2025-10-30T05:00:00Z,8.4,AEMET_ult24h
2025-10-30,07:00,2025-10-30T06:00:00Z,8.0,AEMET_ult24h
2025-10-30,08:00,2025-10-30T07:00:00Z,7.7,AEMET_ult24h
2025-10-30,09:00,2025-10-30T08:00:00Z,8.2,AEMET_ult24h
2025-10-30,10:00,2025-10-30T09:00:00Z,9.9,AEMET_ult24h
2025-10-30,11:00,2025-10-30T10:00:00Z,14.5,AEMET_ult24h
2025-10-30,12:00,2025-10-30T11:00:00Z,15.6,AEMET_ult24h
2025-10-30,13:00,2025-10-30T12:00:00Z,17.1,AEMET_ult24h
2025-10-30,14:00,2025-10-30T13:00:00Z,18.5,AEMET_ult24h
2025-10-30,15:00,2025-10-30T14:00:00Z,18.8,AEMET_ult24h
2025-10-30,16:00,2025-10-30T15:00:00Z,18.8,AEMET_ult24h
2025-10-30,17:00,2025-10-30T16:00:00Z,17.8,AEMET_ult24h
2025-10-30,18:00,2025-10-30T17:00:00Z,16.7,AEMET_ult24h
2025-10-30,19:00,2025-10-30T18:00:00Z,14.8,AEMET_ult24h
2025-10-30,20:00,2025-10-30T19:00:00Z,13.6,AEMET_ult24h
2025-10-30,21:00,2025-10-30T20:00:00Z,12.1,AEMET_ult24h
2025-10-30,22:00,2025-10-30T21:00:00Z,15.0,AEMET_ult24h
2025-10-30,23:00,2025-10-30T22:00:00Z,15.0,AEMET_ult24h
2025-10-31,00:00,2025-10-30T23:00:00Z,14.5,AEMET_ult24h
2025-10-31,01:00,2025-10-31T00:00:00Z,14.1,AEMET_ult24h
2025-10-31,02:00,2025-10-31T01:00:00Z,14.2,AEMET_ult24h
2025-10-31,03:00,2025-10-31T02:00:00Z,14.4,AEMET_ult24h
2025-10-31,04:00,2025-10-31T03:00:00Z,14.2,AEMET_ult24h
2025-10-31,05:00,2025-10-31T04:00:00Z,14.0,AEMET_ult24h
2025-10-31,06:00,2025-10-31T05:00:00Z,14.2,AEMET_ult24h
2025-10-31,07:00,2025-10-31T06:00:00Z,14.3,AEMET_ult24h
2025-10-31,08:00,2025-10-31T07:00:00Z,14.3,AEMET_ult24h
2025-10-31,09:00,2025-10-31T08:00:00Z,15.0,AEMET_ult24h
2025-10-31,10:00,2025-10-31T09:00:00Z,16.0,AEMET_ult24h
2025-10-31,11:00,2025-10-31T10:00:00Z,17.6,AEMET_ult24h
2025-10-31,12:00,2025-10-31T11:00:00Z,18.9,AEMET_ult24h
2025-10-31,13:00,2025-10-31T12:00:00Z,19.5,AEMET_ult24h
2025-10-31,14:00,2025-10-31T13:00:00Z,20.3,AEMET_ult24h
2025-10-31,15:00,2025-10-31T14:00:00Z,21.1,AEMET_ult24h
2025-10-31,16:00,2025-10-31T15:00:00Z,20.9,AEMET_ult24h
2025-10-31,17:00,2025-10-31T16:00:00Z,20.0,AEMET_ult24h
2025-10-31,18:00,2025-10-31T17:00:00Z,19.5,AEMET_ult24h
2025-10-31,19:00,2025-10-31T18:00:00Z,18.1,AEMET_ult24h
2025-10-31,20:00,2025-10-31T19:00:00Z,18.0,AEMET_ult24h
2025-10-31,21:00,2025-10-31T20:00:00Z,17.0,AEMET_ult24h
2025-10-31,22:00,2025-10-31T21:00:00Z,16.9,AEMET_ult24h
2025-10-31,23:00,2025-10-31T22:00:00Z,18.1,AEMET_ult24h
2025-11-01,00:00,2025-10-31T23:00:00Z,16.4,AEMET_ult24h
2025-11-01,01:00,2025-11-01T00:00:00Z,16.5,AEMET_ult24h
2025-11-01,02:00,2025-11-01T01:00:00Z,15.0,AEMET_ult24h
2025-11-01,03:00,2025-11-01T02:00:00Z,14.4,AEMET_ult24h
2025-11-01,04:00,2025-11-01T03:00:00Z,14.0,AEMET_ult24h
2025-11-01,05:00,2025-11-01T04:00:00Z,13.6,AEMET_ult24h
2025-11-01,06:00,2025-11-01T05:00:00Z,13.5,AEMET_ult24h
2025-11-01,07:00,2025-11-01T06:00:00Z,13.6,AEMET_ult24h
2025-11-01,08:00,2025-11-01T07:00:00Z,13.8,AEMET_ult24h
2025-11-01,09:00,2025-11-01T08:00:00Z,14.2,AEMET_ult24h
2025-11-01,10:00,2025-11-01T09:00:00Z,14.5,AEMET_ult24h
2025-11-01,11:00,2025-11-01T10:00:00Z,15.9,AEMET_ult24h
2025-11-01,12:00,2025-11-01T11:00:00Z,16.2,AEMET_ult24h
2025-11-01,13:00,2025-11-01T12:00:00Z,16.7,AEMET_ult24h
2025-11-01,14:00,2025-11-01T13:00:00Z,17.2,AEMET_ult24h
2025-11-01,15:00,2025-11-01T14:00:00Z,17.3,AEMET_ult24h
2025-11-01,16:00,2025-11-01T15:00:00Z,16.8,AEMET_ult24h
2025-11-01,17:00,2025-11-01T16:00:00Z,16.6,AEMET_ult24h
2025-11-01,18:00,2025-11-01T17:00:00Z,16.4,AEMET_ult24h
2025-11-01,19:00,2025-11-01T18:00:00Z,13.7,AEMET_ult24h
2025-11-01,20:00,2025-11-01T19:00:00Z,12.4,AEMET_ult24h
2025-11-01,21:00,2025-11-01T20:00:00Z,11.3,AEMET_ult24h
2025-11-01,22:00,2025-11-01T21:00:00Z,10.8,AEMET_ult24h
2025-11-01,23:00,2025-11-01T22:00:00Z,10.6,AEMET_ult24h
2025-11-02,00:00,2025-11-01T23:00:00Z,10.6,AEMET_ult24h
2025-11-02,01:00,2025-11-02T00:00:00Z,10.7,AEMET_ult24h
2025-11-02,02:00,2025-11-02T01:00:00Z,10.4,AEMET_ult24h
2025-11-02,03:00,2025-11-02T02:00:00Z,9.5,AEMET_ult24h
2025-11-02,04:00,2025-11-02T03:00:00Z,9.1,AEMET_ult24h
2025-11-02,05:00,2025-11-02T04:00:00Z,8.6,AEMET_ult24h
2025-11-02,06:00,2025-11-02T05:00:00Z,7.8,AEMET_ult24h
2025-11-02,07:00,2025-11-02T06:00:00Z,7.4,AEMET_ult24h
2025-11-02,08:00,2025-11-02T07:00:00Z,7.9,AEMET_ult24h
2025-11-02,09:00,2025-11-02T08:00:00Z,8.4,AEMET_ult24h
2025-11-02,10:00,2025-11-02T09:00:00Z,9.3,AEMET_ult24h
2025-11-02,11:00,2025-11-02T10:00:00Z,12.2,AEMET_ult24h
2025-11-02,12:00,2025-11-02T11:00:00Z,13.9,AEMET_ult24h
2025-11-02,13:00,2025-11-02T12:00:00Z,14.9,AEMET_ult24h
2025-11-02,14:00,2025-11-02T13:00:00Z,15.5,AEMET_ult24h
2025-11-02,15:00,2025-11-02T14:00:00Z,15.1,AEMET_ult24h
2025-11-02,16:00,2025-11-02T15:00:00Z,14.7,AEMET_ult24h
2025-11-02,17:00,2025-11-02T16:00:00Z,14.3,AEMET_ult24h
2025-11-02,18:00,2025-11-02T17:00:00Z,13.3,AEMET_ult24h
2025-11-02,19:00,2025-11-02T18:00:00Z,13.1,AEMET_ult24h
2025-11-02,20:00,2025-11-02T19:00:00Z,12.4,AEMET_ult24h
2025-11-02,21:00,2025-11-02T20:00:00Z,10.9,AEMET_ult24h
2025-11-02,22:00,2025-11-02T21:00:00Z,8.6,AEMET_ult24h
2025-11-02,23:00,2025-11-02T22:00:00Z,8.2,AEMET_ult24h
2025-11-03,00:00,2025-11-02T23:00:00Z,7.1,AEMET_ult24h
2025-11-03,01:00,2025-11-03T00:00:00Z,6.8,AEMET_ult24h
2025-11-03,02:00,2025-11-03T01:00:00Z,5.0,AEMET_ult24h
2025-11-03,03:00,2025-11-03T02:00:00Z,4.2,AEMET_ult24h
2025-11-03,04:00,2025-11-03T03:00:00Z,3.5,AEMET_ult24h
2025-11-03,05:00,2025-11-03T04:00:00Z,2.9,AEMET_ult24h
2025-11-03,06:00,2025-11-03T05:00:00Z,2.1,AEMET_ult24h
2025-11-03,07:00,2025-11-03T06:00:00Z,1.6,AEMET_ult24h
2025-11-03,08:00,2025-11-03T07:00:00Z,2.4,AEMET_ult24h
2025-11-03,09:00,2025-11-03T08:00:00Z,3.6,AEMET_ult24h
2025-11-03,10:00,2025-11-03T09:00:00Z,6.3,AEMET_ult24h
2025-11-03,11:00,2025-11-03T10:00:00Z,9.8,AEMET_ult24h
2025-11-03,12:00,2025-11-03T11:00:00Z,14.6,AEMET_ult24h
2025-11-03,13:00,2025-11-03T12:00:00Z,17.1,AEMET_ult24h
2025-11-03,14:00,2025-11-03T13:00:00Z,19.2,AEMET_ult24h
2025-11-03,15:00,2025-11-03T14:00:00Z,20.4,AEMET_ult24h
2025-11-03,16:00,2025-11-03T15:00:00Z,20.1,AEMET_ult24h
2025-11-03,17:00,2025-11-03T16:00:00Z,19.6,AEMET_ult24h
2025-11-03,18:00,2025-11-03T17:00:00Z,16.8,AEMET_ult24h
2025-11-03,19:00,2025-11-03T18:00:00Z,14.9,AEMET_ult24h
2025-11-03,20:00,2025-11-03T19:00:00Z,11.4,AEMET_ult24h
2025-11-03,21:00,2025-11-03T20:00:00Z,10.3,AEMET_ult24h
2025-11-03,22:00,2025-11-03T21:00:00Z,7.7,AEMET_ult24h
2025-11-03,23:00,2025-11-03T22:00:00Z,6.0,AEMET_ult24h
2025-11-04,00:00,2025-11-03T23:00:00Z,4.9,AEMET_ult24h
2025-11-04,01:00,2025-11-04T00:00:00Z,5.1,AEMET_ult24h
2025-11-04,02:00,2025-11-04T01:00:00Z,4.7,AEMET_ult24h
2025-11-04,03:00,2025-11-04T02:00:00Z,6.2,AEMET_ult24h
2025-11-04,04:00,2025-11-04T03:00:00Z,5.2,AEMET_ult24h
2025-11-04,05:00,2025-11-04T04:00:00Z,8.7,AEMET_ult24h
2025-11-04,06:00,2025-11-04T05:00:00Z,8.8,AEMET_ult24h
2025-11-04,07:00,2025-11-04T06:00:00Z,8.4,AEMET_ult24h
2025-11-04,08:00,2025-11-04T07:00:00Z,7.8,AEMET_ult24h
2025-11-04,09:00,2025-11-04T08:00:00Z,9.4,AEMET_ult24h
2025-11-04,10:00,2025-11-04T09:00:00Z,10.3,AEMET_ult24h
2025-11-04,11:00,2025-11-04T10:00:00Z,12.9,AEMET_ult24h
2025-11-04,12:00,2025-11-04T11:00:00Z,13.8,AEMET_ult24h
2025-11-04,13:00,2025-11-04T12:00:00Z,16.8,AEMET_ult24h
2025-11-04,14:00,2025-11-04T13:00:00Z,18.5,AEMET_ult24h
2025-11-04,15:00,2025-11-04T14:00:00Z,20.8,AEMET_ult24h
2025-11-04,16:00,2025-11-04T15:00:00Z,21.0,AEMET_ult24h
2025-11-04,17:00,2025-11-04T16:00:00Z,18.8,AEMET_ult24h
2025-11-04,18:00,2025-11-04T17:00:00Z,17.7,AEMET_ult24h
2025-11-04,19:00,2025-11-04T18:00:00Z,16.3,AEMET_ult24h
2025-11-04,20:00,2025-11-04T19:00:00Z,15.5,AEMET_ult24h
2025-11-04,21:00,2025-11-04T20:00:00Z,15.7,AEMET_ult24h
2025-11-04,22:00,2025-11-04T21:00:00Z,16.1,AEMET_ult24h
2025-11-04,23:00,2025-11-04T22:00:00Z,15.3,AEMET_ult24h
2025-11-05,00:00,2025-11-04T23:00:00Z,14.4,AEMET_ult24h
2025-11-05,01:00,2025-11-05T00:00:00Z,13.5,AEMET_ult24h
2025-11-05,02:00,2025-11-05T01:00:00Z,12.4,AEMET_ult24h
2025-11-05,03:00,2025-11-05T02:00:00Z,14.1,AEMET_ult24h
2025-11-05,04:00,2025-11-05T03:00:00Z,14.2,AEMET_ult24h
2025-11-05,05:00,2025-11-05T04:00:00Z,13.4,AEMET_ult24h
2025-11-05,06:00,2025-11-05T05:00:00Z,13.0,AEMET_ult24h
2025-11-05,07:00,2025-11-05T06:00:00Z,13.8,AEMET_ult24h
2025-11-05,08:00,2025-11-05T07:00:00Z,14.6,AEMET_ult24h
2025-11-05,09:00,2025-11-05T08:00:00Z,14.3,AEMET_ult24h
2025-11-05,10:00,2025-11-05T09:00:00Z,14.6,AEMET_ult24h
2025-11-05,11:00,2025-11-05T10:00:00Z,15.5,AEMET_ult24h
2025-11-05,12:00,2025-11-05T11:00:00Z,16.3,AEMET_ult24h
2025-11-05,13:00,2025-11-05T12:00:00Z,17.0,AEMET_ult24h
2025-11-05,14:00,2025-11-05T13:00:00Z,17.4,AEMET_ult24h
2025-11-05,15:00,2025-11-05T14:00:00Z,16.7,AEMET_ult24h
2025-11-05,16:00,2025-11-05T15:00:00Z,16.8,AEMET_ult24h
2025-11-05,17:00,2025-11-05T16:00:00Z,14.1,AEMET_ult24h
2025-11-05,18:00,2025-11-05T17:00:00Z,12.6,AEMET_ult24h
2025-11-05,19:00,2025-11-05T18:00:00Z,12.0,AEMET_ult24h
2025-11-05,20:00,2025-11-05T19:00:00Z,13.1,AEMET_ult24h
2025-11-05,21:00,2025-11-05T20:00:00Z,13.2,AEMET_ult24h
2025-11-05,22:00,2025-11-05T21:00:00Z,11.9,AEMET_ult24h
2025-11-05,23:00,2025-11-05T22:00:00Z,11.3,AEMET_ult24h
2025-11-06,00:00,2025-11-05T23:00:00Z,12.3,AEMET_ult24h
2025-11-06,01:00,2025-11-06T00:00:00Z,11.5,AEMET_ult24h
2025-11-06,02:00,2025-11-06T01:00:00Z,11.4,AEMET_ult24h
2025-11-06,03:00,2025-11-06T02:00:00Z,11.6,AEMET_ult24h
2025-11-06,04:00,2025-11-06T03:00:00Z,11.1,AEMET_ult24h
2025-11-06,05:00,2025-11-06T04:00:00Z,10.2,AEMET_ult24h
2025-11-06,06:00,2025-11-06T05:00:00Z,10.4,AEMET_ult24h
2025-11-06,07:00,2025-11-06T06:00:00Z,10.1,AEMET_ult24h
2025-11-06,08:00,2025-11-06T07:00:00Z,9.8,AEMET_ult24h
2025-11-06,09:00,2025-11-06T08:00:00Z,10.7,AEMET_ult24h
2025-11-06,10:00,2025-11-06T09:00:00Z,10.9,AEMET_ult24h
2025-11-06,11:00,2025-11-06T10:00:00Z,12.1,AEMET_ult24h
2025-11-06,12:00,2025-11-06T11:00:00Z,13.9,AEMET_ult24h
2025-11-06,13:00,2025-11-06T12:00:00Z,13.9,AEMET_ult24h
2025-11-06,14:00,2025-11-06T13:00:00Z,13.6,AEMET_ult24h
2025-11-06,15:00,2025-11-06T14:00:00Z,13.9,AEMET_ult24h
2025-11-06,16:00,2025-11-06T15:00:00Z,13.8,AEMET_ult24h
2025-11-06,17:00,2025-11-06T16:00:00Z,13.5,AEMET_ult24h
2025-11-06,18:00,2025-11-06T17:00:00Z,12.5,AEMET_ult24h
2025-11-06,19:00,2025-11-06T18:00:00Z,11.4,AEMET_ult24h
2025-11-06,20:00,2025-11-06T19:00:00Z,10.8,AEMET_ult24h
2025-11-06,21:00,2025-11-06T20:00:00Z,10.0,AEMET_ult24h
2025-11-06,22:00,2025-11-06T21:00:00Z,9.7,AEMET_ult24h
2025-11-06,23:00,2025-11-06T22:00:00Z,9.8,AEMET_ult24h
2025-11-07,00:00,2025-11-06T23:00:00Z,8.8,AEMET_ult24h
2025-11-07,01:00,2025-11-07T00:00:00Z,8.3,AEMET_ult24h
2025-11-07,02:00,2025-11-07T01:00:00Z,7.6,AEMET_ult24h
2025-11-07,03:00,2025-11-07T02:00:00Z,5.7,AEMET_ult24h
2025-11-07,04:00,2025-11-07T03:00:00Z,4.7,AEMET_ult24h
2025-11-07,05:00,2025-11-07T04:00:00Z,4.7,AEMET_ult24h
2025-11-07,06:00,2025-11-07T05:00:00Z,6.2,AEMET_ult24h
2025-11-07,07:00,2025-11-07T06:00:00Z,7.2,AEMET_ult24h
2025-11-07,08:00,2025-11-07T07:00:00Z,8.8,AEMET_ult24h
2025-11-07,09:00,2025-11-07T08:00:00Z,9.7,AEMET_ult24h
2025-11-07,10:00,2025-11-07T09:00:00Z,10.5,AEMET_ult24h
2025-11-07,11:00,2025-11-07T10:00:00Z,10.6,AEMET_ult24h
2025-11-07,12:00,2025-11-07T11:00:00Z,11.4,AEMET_ult24h
2025-11-07,13:00,2025-11-07T12:00:00Z,12.8,AEMET_ult24h
2025-11-07,14:00,2025-11-07T13:00:00Z,14.0,AEMET_ult24h
2025-11-07,15:00,2025-11-07T14:00:00Z,13.7,AEMET_ult24h
2025-11-07,16:00,2025-11-07T15:00:00Z,14.5,AEMET_ult24h
2025-11-07,17:00,2025-11-07T16:00:00Z,14.1,AEMET_ult24h
2025-11-07,18:00,2025-11-07T17:00:00Z,13.4,AEMET_ult24h
2025-11-07,19:00,2025-11-07T18:00:00Z,12.9,AEMET_ult24h
2025-11-07,20:00,2025-11-07T19:00:00Z,10.3,AEMET_ult24h
2025-11-07,21:00,2025-11-07T20:00:00Z,10.6,AEMET_ult24h
2025-11-07,22:00,2025-11-07T21:00:00Z,9.9,AEMET_ult24h
2025-11-07,23:00,2025-11-07T22:00:00Z,9.5,AEMET_ult24h
2025-11-08,00:00,2025-11-07T23:00:00Z,9.2,AEMET_ult24h
2025-11-08,01:00,2025-11-08T00:00:00Z,8.9,AEMET_ult24h
2025-11-08,02:00,2025-11-08T01:00:00Z,8.9,AEMET_ult24h
2025-11-08,03:00,2025-11-08T02:00:00Z,8.7,AEMET_ult24h
2025-11-08,04:00,2025-11-08T03:00:00Z,8.4,AEMET_ult24h
2025-11-08,05:00,2025-11-08T04:00:00Z,8.4,AEMET_ult24h
2025-11-08,06:00,2025-11-08T05:00:00Z,8.6,AEMET_ult24h
2025-11-08,07:00,2025-11-08T06:00:00Z,8.3,AEMET_ult24h
2025-11-08,08:00,2025-11-08T07:00:00Z,8.4,AEMET_ult24h
2025-11-08,09:00,2025-11-08T08:00:00Z,8.7,AEMET_ult24h
2025-11-08,10:00,2025-11-08T09:00:00Z,9.4,AEMET_ult24h
2025-11-08,11:00,2025-11-08T10:00:00Z,10.3,AEMET_ult24h
2025-11-08,12:00,2025-11-08T11:00:00Z,11.0,AEMET_ult24h
2025-11-08,13:00,2025-11-08T12:00:00Z,11.0,AEMET_ult24h
2025-11-08,14:00,2025-11-08T13:00:00Z,12.0,AEMET_ult24h
2025-11-08,15:00,2025-11-08T14:00:00Z,11.9,AEMET_ult24h
2025-11-08,16:00,2025-11-08T15:00:00Z,11.8,AEMET_ult24h
2025-11-08,17:00,2025-11-08T16:00:00Z,11.6,AEMET_ult24h
2025-11-08,18:00,2025-11-08T17:00:00Z,10.7,AEMET_ult24h
2025-11-08,19:00,2025-11-08T18:00:00Z,10.5,AEMET_ult24h
2025-11-08,20:00,2025-11-08T19:00:00Z,10.3,AEMET_ult24h
2025-11-08,21:00,2025-11-08T20:00:00Z,9.2,AEMET_ult24h
2025-11-08,22:00,2025-11-08T21:00:00Z,8.8,AEMET_ult24h
2025-11-08,23:00,2025-11-08T22:00:00Z,8.2,AEMET_ult24h
2025-11-09,00:00,2025-11-08T23:00:00Z,8.3,AEMET_ult24h
2025-11-09,01:00,2025-11-09T00:00:00Z,6.3,AEMET_ult24h
2025-11-09,02:00,2025-11-09T01:00:00Z,5.1,AEMET_ult24h
2025-11-09,03:00,2025-11-09T02:00:00Z,4.4,AEMET_ult24h
2025-11-09,04:00,2025-11-09T03:00:00Z,3.0,AEMET_ult24h
2025-11-09,05:00,2025-11-09T04:00:00Z,2.3,AEMET_ult24h
2025-11-09,06:00,2025-11-09T05:00:00Z,1.5,AEMET_ult24h
2025-11-09,07:00,2025-11-09T06:00:00Z,2.2,AEMET_ult24h
2025-11-09,08:00,2025-11-09T07:00:00Z,3.0,AEMET_ult24h
2025-11-09,09:00,2025-11-09T08:00:00Z,3.6,AEMET_ult24h
2025-11-09,10:00,2025-11-09T09:00:00Z,4.2,AEMET_ult24h
2025-11-09,11:00,2025-11-09T10:00:00Z,5.2,AEMET_ult24h
2025-11-09,12:00,2025-11-09T11:00:00Z,7.5,AEMET_ult24h
2025-11-09,13:00,2025-11-09T12:00:00Z,10.5,AEMET_ult24h
2025-11-09,14:00,2025-11-09T13:00:00Z,14.8,AEMET_ult24h
2025-11-09,15:00,2025-11-09T14:00:00Z,15.1,AEMET_ult24h
2025-11-09,16:00,2025-11-09T15:00:00Z,15.6,AEMET_ult24h
2025-11-09,17:00,2025-11-09T16:00:00Z,15.2,AEMET_ult24h
2025-11-09,18:00,2025-11-09T17:00:00Z,12.4,AEMET_ult24h
2025-11-09,19:00,2025-11-09T18:00:00Z,8.6,AEMET_ult24h
2025-11-09,20:00,2025-11-09T19:00:00Z,7.2,AEMET_ult24h
2025-11-09,21:00,2025-11-09T20:00:00Z,8.0,AEMET_ult24h
2025-11-09,22:00,2025-11-09T21:00:00Z,9.3,AEMET_ult24h
2025-11-09,23:00,2025-11-09T22:00:00Z,9.2,AEMET_ult24h
2025-11-10,00:00,2025-11-09T23:00:00Z,10.6,AEMET_ult24h
2025-11-10,01:00,2025-11-10T00:00:00Z,11.4,AEMET_ult24h
2025-11-10,02:00,2025-11-10T01:00:00Z,11.8,AEMET_ult24h
2025-11-10,03:00,2025-11-10T02:00:00Z,10.6,AEMET_ult24h
2025-11-10,04:00,2025-11-10T03:00:00Z,10.5,AEMET_ult24h
2025-11-10,05:00,2025-11-10T04:00:00Z,9.3,AEMET_ult24h
2025-11-10,06:00,2025-11-10T05:00:00Z,9.6,AEMET_ult24h
2025-11-10,07:00,2025-11-10T06:00:00Z,9.4,AEMET_ult24h
2025-11-10,08:00,2025-11-10T07:00:00Z,9.2,AEMET_ult24h
2025-11-10,09:00,2025-11-10T08:00:00Z,11.6,AEMET_ult24h
2025-11-10,10:00,2025-11-10T09:00:00Z,12.7,AEMET_ult24h
2025-11-10,11:00,2025-11-10T10:00:00Z,13.8,AEMET_ult24h
2025-11-10,12:00,2025-11-10T11:00:00Z,14.9,AEMET_ult24h
2025-11-10,13:00,2025-11-10T12:00:00Z,15.3,AEMET_ult24h
2025-11-10,14:00,2025-11-10T13:00:00Z,15.5,AEMET_ult24h
2025-11-10,15:00,2025-11-10T14:00:00Z,15.2,AEMET_ult24h
2025-11-10,16:00,2025-11-10T15:00:00Z,15.9,AEMET_ult24h
2025-11-10,17:00,2025-11-10T16:00:00Z,13.8,AEMET_ult24h
2025-11-10,18:00,2025-11-10T17:00:00Z,12.3,AEMET_ult24h
2025-11-10,19:00,2025-11-10T18:00:00Z,10.9,AEMET_ult24h
2025-11-10,20:00,2025-11-10T19:00:00Z,9.5,AEMET_ult24h
2025-11-10,21:00,2025-11-10T20:00:00Z,9.7,AEMET_ult24h
2025-11-10,22:00,2025-11-10T21:00:00Z,7.7,AEMET_ult24h
2025-11-10,23:00,2025-11-10T22:00:00Z,8.1,AEMET_ult24h
2025-11-11,00:00,2025-11-10T23:00:00Z,7.9,AEMET_ult24h
2025-11-11,01:00,2025-11-11T00:00:00Z,8.3,AEMET_ult24h
2025-11-11,02:00,2025-11-11T01:00:00Z,8.6,AEMET_ult24h
2025-11-11,03:00,2025-11-11T02:00:00Z,8.9,AEMET_ult24h
2025-11-11,04:00,2025-11-11T03:00:00Z,11.0,AEMET_ult24h
2025-11-11,05:00,2025-11-11T04:00:00Z,10.5,AEMET_ult24h
2025-11-11,06:00,2025-11-11T05:00:00Z,9.6,AEMET_ult24h
2025-11-11,07:00,2025-11-11T06:00:00Z,9.1,AEMET_ult24h
2025-11-11,08:00,2025-11-11T07:00:00Z,8.8,AEMET_ult24h
2025-11-11,09:00,2025-11-11T08:00:00Z,9.1,AEMET_ult24h
2025-11-11,10:00,2025-11-11T09:00:00Z,10.8,AEMET_ult24h
2025-11-11,11:00,2025-11-11T10:00:00Z,12.1,AEMET_ult24h
2025-11-11,12:00,2025-11-11T11:00:00Z,15.5,AEMET_ult24h
2025-11-11,13:00,2025-11-11T12:00:00Z,16.6,AEMET_ult24h
2025-11-11,14:00,2025-11-11T13:00:00Z,18.1,AEMET_ult24h
2025-11-11,15:00,2025-11-11T14:00:00Z,18.6,AEMET_ult24h
2025-11-11,16:00,2025-11-11T15:00:00Z,15.9,AEMET_ult24h
2025-11-11,17:00,2025-11-11T16:00:00Z,15.6,AEMET_ult24h
2025-11-11,18:00,2025-11-11T17:00:00Z,14.9,AEMET_ult24h
2025-11-11,19:00,2025-11-11T18:00:00Z,13.0,AEMET_ult24h
2025-11-11,20:00,2025-11-11T19:00:00Z,12.7,AEMET_ult24h
2025-11-11,21:00,2025-11-11T20:00:00Z,12.0,AEMET_ult24h
2025-11-11,22:00,2025-11-11T21:00:00Z,12.4,AEMET_ult24h
2025-11-11,23:00,2025-11-11T22:00:00Z,13.0,AEMET_ult24h
2025-11-12,00:00,2025-11-11T23:00:00Z,13.2,AEMET_ult24h
2025-11-12,01:00,2025-11-12T00:00:00Z,13.0,AEMET_ult24h
2025-11-12,02:00,2025-11-12T01:00:00Z,11.9,AEMET_ult24h
2025-11-12,03:00,2025-11-12T02:00:00Z,13.7,AEMET_ult24h
2025-11-12,04:00,2025-11-12T03:00:00Z,12.8,AEMET_ult24h
2025-11-12,05:00,2025-11-12T04:00:00Z,14.2,AEMET_ult24h
2025-11-12,06:00,2025-11-12T05:00:00Z,10.5,AEMET_ult24h
2025-11-12,07:00,2025-11-12T06:00:00Z,12.1,AEMET_ult24h
2025-11-12,08:00,2025-11-12T07:00:00Z,10.6,AEMET_ult24h
2025-11-12,09:00,2025-11-12T08:00:00Z,11.3,AEMET_ult24h
2025-11-12,10:00,2025-11-12T09:00:00Z,15.3,AEMET_ult24h
2025-11-12,11:00,2025-11-12T10:00:00Z,19.0,AEMET_ult24h
2025-11-12,12:00,2025-11-12T11:00:00Z,20.7,AEMET_ult24h
2025-11-12,13:00,2025-11-12T12:00:00Z,21.6,AEMET_ult24h
2025-11-12,14:00,2025-11-12T13:00:00Z,21.5,AEMET_ult24h
2025-11-12,15:00,2025-11-12T14:00:00Z,21.4,AEMET_ult24h
2025-11-12,16:00,2025-11-12T15:00:00Z,20.1,AEMET_ult24h
2025-11-12,17:00,2025-11-12T16:00:00Z,18.9,AEMET_ult24h
2025-11-12,18:00,2025-11-12T17:00:00Z,17.7,AEMET_ult24h
2025-11-12,19:00,2025-11-12T18:00:00Z,16.3,AEMET_ult24h
2025-11-12,20:00,2025-11-12T19:00:00Z,14.8,AEMET_ult24h
2025-11-12,21:00,2025-11-12T20:00:00Z,14.1,AEMET_ult24h
2025-11-12,22:00,2025-11-12T21:00:00Z,16.6,AEMET_ult24h
2025-11-12,23:00,2025-11-12T22:00:00Z,14.3,AEMET_ult24h
2025-11-13,00:00,2025-11-12T23:00:00Z,12.9,AEMET_ult24h
2025-11-13,01:00,2025-11-13T00:00:00Z,12.4,AEMET_ult24h
2025-11-13,02:00,2025-11-13T01:00:00Z,12.3,AEMET_ult24h
2025-11-13,03:00,2025-11-13T02:00:00Z,11.6,AEMET_ult24h
2025-11-13,04:00,2025-11-13T03:00:00Z,12.8,AEMET_ult24h
2025-11-13,05:00,2025-11-13T04:00:00Z,13.0,AEMET_ult24h
2025-11-13,06:00,2025-11-13T05:00:00Z,11.9,AEMET_ult24h
2025-11-13,07:00,2025-11-13T06:00:00Z,11.8,AEMET_ult24h
2025-11-13,08:00,2025-11-13T07:00:00Z,12.4,AEMET_ult24h
2025-11-13,09:00,2025-11-13T08:00:00Z,12.7,AEMET_ult24h
2025-11-13,10:00,2025-11-13T09:00:00Z,12.5,AEMET_ult24h
2025-11-13,11:00,2025-11-13T10:00:00Z,15.1,AEMET_ult24h
2025-11-13,12:00,2025-11-13T11:00:00Z,18.5,AEMET_ult24h
2025-11-13,13:00,2025-11-13T12:00:00Z,17.2,AEMET_ult24h
2025-11-13,14:00,2025-11-13T13:00:00Z,17.9,AEMET_ult24h
2025-11-13,15:00,2025-11-13T14:00:00Z,17.6,AEMET_ult24h
2025-11-13,16:00,2025-11-13T15:00:00Z,18.1,AEMET_ult24h
2025-11-13,17:00,2025-11-13T16:00:00Z,17.7,AEMET_ult24h
2025-11-13,18:00,2025-11-13T17:00:00Z,17.5,AEMET_ult24h
2025-11-13,19:00,2025-11-13T18:00:00Z,18.1,AEMET_ult24h
2025-11-13,20:00,2025-11-13T19:00:00Z,18.3,AEMET_ult24h
2025-11-13,21:00,2025-11-13T20:00:00Z,18.9,AEMET_ult24h
2025-11-13,22:00,2025-11-13T21:00:00Z,18.3,AEMET_ult24h
2025-11-13,23:00,2025-11-13T22:00:00Z,17.5,AEMET_ult24h
2025-11-14,00:00,2025-11-13T23:00:00Z,17.1,AEMET_ult24h
2025-11-14,01:00,2025-11-14T00:00:00Z,16.9,AEMET_ult24h
2025-11-14,02:00,2025-11-14T01:00:00Z,17.6,AEMET_ult24h
2025-11-14,03:00,2025-11-14T02:00:00Z,18.3,AEMET_ult24h
2025-11-14,04:00,2025-11-14T03:00:00Z,18.2,AEMET_ult24h
2025-11-14,05:00,2025-11-14T04:00:00Z,15.5,AEMET_ult24h
2025-11-14,06:00,2025-11-14T05:00:00Z,12.0,AEMET_ult24h
2025-11-14,07:00,2025-11-14T06:00:00Z,12.7,AEMET_ult24h
2025-11-14,08:00,2025-11-14T07:00:00Z,12.4,AEMET_ult24h
2025-11-14,09:00,2025-11-14T08:00:00Z,13.8,AEMET_ult24h
2025-11-14,10:00,2025-11-14T09:00:00Z,14.3,AEMET_ult24h
2025-11-14,11:00,2025-11-14T10:00:00Z,14.4,AEMET_ult24h
2025-11-14,12:00,2025-11-14T11:00:00Z,15.5,AEMET_ult24h
2025-11-14,13:00,2025-11-14T12:00:00Z,18.1,AEMET_ult24h
2025-11-14,14:00,2025-11-14T13:00:00Z,18.1,AEMET_ult24h
2025-11-14,15:00,2025-11-14T14:00:00Z,18.7,AEMET_ult24h
2025-11-14,16:00,2025-11-14T15:00:00Z,18.6,AEMET_ult24h
2025-11-14,17:00,2025-11-14T16:00:00Z,18.5,AEMET_ult24h
2025-11-14,18:00,2025-11-14T17:00:00Z,16.0,AEMET_ult24h
2025-11-14,19:00,2025-11-14T18:00:00Z,14.2,AEMET_ult24h
2025-11-14,20:00,2025-11-14T19:00:00Z,14.2,AEMET_ult24h
2025-11-14,21:00,2025-11-14T20:00:00Z,14.8,AEMET_ult24h
2025-11-14,22:00,2025-11-14T21:00:00Z,10.9,AEMET_ult24h
2025-11-14,23:00,2025-11-14T22:00:00Z,10.4,AEMET_ult24h
2025-11-15,00:00,2025-11-14T23:00:00Z,11.1,AEMET_ult24h
2025-11-15,01:00,2025-11-15T00:00:00Z,12.4,AEMET_ult24h
2025-11-15,02:00,2025-11-15T01:00:00Z,11.3,AEMET_ult24h
2025-11-15,03:00,2025-11-15T02:00:00Z,12.0,AEMET_ult24h
2025-11-15,04:00,2025-11-15T03:00:00Z,11.7,AEMET_ult24h
2025-11-15,05:00,2025-11-15T04:00:00Z,11.7,AEMET_ult24h
2025-11-15,06:00,2025-11-15T05:00:00Z,11.5,AEMET_ult24h
2025-11-15,07:00,2025-11-15T06:00:00Z,10.9,AEMET_ult24h
2025-11-15,08:00,2025-11-15T07:00:00Z,9.6,AEMET_ult24h
2025-11-15,09:00,2025-11-15T08:00:00Z,11.1,AEMET_ult24h
2025-11-15,10:00,2025-11-15T09:00:00Z,14.2,AEMET_ult24h
2025-11-15,11:00,2025-11-15T10:00:00Z,15.9,AEMET_ult24h
2025-11-15,12:00,2025-11-15T11:00:00Z,17.2,AEMET_ult24h
2025-11-15,13:00,2025-11-15T12:00:00Z,16.4,AEMET_ult24h
2025-11-15,14:00,2025-11-15T13:00:00Z,16.7,AEMET_ult24h
2025-11-15,15:00,2025-11-15T14:00:00Z,15.9,AEMET_ult24h
2025-11-15,16:00,2025-11-15T15:00:00Z,15.7,AEMET_ult24h
2025-11-15,17:00,2025-11-15T16:00:00Z,15.1,AEMET_ult24h
2025-11-15,18:00,2025-11-15T17:00:00Z,14.3,AEMET_ult24h
2025-11-15,19:00,2025-11-15T18:00:00Z,12.5,AEMET_ult24h
2025-11-15,20:00,2025-11-15T19:00:00Z,11.5,AEMET_ult24h
2025-11-15,21:00,2025-11-15T20:00:00Z,11.5,AEMET_ult24h
2025-11-15,22:00,2025-11-15T21:00:00Z,11.3,AEMET_ult24h
2025-11-15,23:00,2025-11-15T22:00:00Z,10.8,AEMET_ult24h
2025-11-16,00:00,2025-11-15T23:00:00Z,10.5,AEMET_ult24h
2025-11-16,01:00,2025-11-16T00:00:00Z,11.2,AEMET_ult24h
2025-11-16,02:00,2025-11-16T01:00:00Z,11.3,AEMET_ult24h
2025-11-16,03:00,2025-11-16T02:00:00Z,10.6,AEMET_ult24h
2025-11-16,04:00,2025-11-16T03:00:00Z,10.7,AEMET_ult24h
2025-11-16,05:00,2025-11-16T04:00:00Z,11.0,AEMET_ult24h
2025-11-16,06:00,2025-11-16T05:00:00Z,11.1,AEMET_ult24h
2025-11-16,07:00,2025-11-16T06:00:00Z,11.2,AEMET_ult24h
2025-11-16,08:00,2025-11-16T07:00:00Z,11.1,AEMET_ult24h
2025-11-16,09:00,2025-11-16T08:00:00Z,11.3,AEMET_ult24h
2025-11-16,10:00,2025-11-16T09:00:00Z,12.0,AEMET_ult24h
2025-11-16,11:00,2025-11-16T10:00:00Z,13.1,AEMET_ult24h
2025-11-16,12:00,2025-11-16T11:00:00Z,12.7,AEMET_ult24h
2025-11-16,13:00,2025-11-16T12:00:00Z,15.3,AEMET_ult24h
2025-11-16,14:00,2025-11-16T13:00:00Z,16.2,AEMET_ult24h
2025-11-16,15:00,2025-11-16T14:00:00Z,16.0,AEMET_ult24h
2025-11-16,16:00,2025-11-16T15:00:00Z,14.0,AEMET_ult24h
2025-11-16,17:00,2025-11-16T16:00:00Z,13.6,AEMET_ult24h
2025-11-16,18:00,2025-11-16T17:00:00Z,12.8,AEMET_ult24h
2025-11-16,19:00,2025-11-16T18:00:00Z,11.8,AEMET_ult24h
2025-11-16,20:00,2025-11-16T19:00:00Z,11.2,AEMET_ult24h
2025-11-16,21:00,2025-11-16T20:00:00Z,10.3,AEMET_ult24h
2025-11-16,22:00,2025-11-16T21:00:00Z,9.9,AEMET_ult24h
2025-11-16,23:00,2025-11-16T22:00:00Z,9.6,AEMET_ult24h
2025-11-17,00:00,2025-11-16T23:00:00Z,9.2,AEMET_ult24h
2025-11-17,01:00,2025-11-17T00:00:00Z,8.0,AEMET_ult24h
2025-11-17,02:00,2025-11-17T01:00:00Z,6.2,AEMET_ult24h
2025-11-17,03:00,2025-11-17T02:00:00Z,5.7,AEMET_ult24h
2025-11-17,04:00,2025-11-17T03:00:00Z,6.0,AEMET_ult24h
2025-11-17,05:00,2025-11-17T04:00:00Z,5.7,AEMET_ult24h
2025-11-17,06:00,2025-11-17T05:00:00Z,6.1,AEMET_ult24h
2025-11-17,07:00,2025-11-17T06:00:00Z,5.7,AEMET_ult24h
2025-11-17,08:00,2025-11-17T07:00:00Z,5.4,AEMET_ult24h
2025-11-17,09:00,2025-11-17T08:00:00Z,6.0,AEMET_ult24h
2025-11-17,10:00,2025-11-17T09:00:00Z,9.9,AEMET_ult24h
2025-11-17,11:00,2025-11-17T10:00:00Z,11.3,AEMET_ult24h
2025-11-17,12:00,2025-11-17T11:00:00Z,12.2,AEMET_ult24h
2025-11-17,13:00,2025-11-17T12:00:00Z,12.9,AEMET_ult24h
2025-11-17,14:00,2025-11-17T13:00:00Z,13.2,AEMET_ult24h
2025-11-17,15:00,2025-11-17T14:00:00Z,12.6,AEMET_ult24h
2025-11-17,16:00,2025-11-17T15:00:00Z,11.5,AEMET_ult24h
2025-11-17,17:00,2025-11-17T16:00:00Z,11.4,AEMET_ult24h
2025-11-17,18:00,2025-11-17T17:00:00Z,11.2,AEMET_ult24h
2025-11-17,19:00,2025-11-17T18:00:00Z,11.0,AEMET_ult24h
2025-11-17,20:00,2025-11-17T19:00:00Z,10.7,AEMET_ult24h
2025-11-17,21:00,2025-11-17T20:00:00Z,10.5,AEMET_ult24h
2025-11-17,22:00,2025-11-17T21:00:00Z,9.8,AEMET_ult24h
2025-11-17,23:00,2025-11-17T22:00:00Z,8.6,AEMET_ult24h
2025-11-18,00:00,2025-11-17T23:00:00Z,7.9,AEMET_ult24h
2025-11-18,01:00,2025-11-18T00:00:00Z,7.5,AEMET_ult24h
2025-11-18,02:00,2025-11-18T01:00:00Z,6.9,AEMET_ult24h
2025-11-18,03:00,2025-11-18T02:00:00Z,6.5,AEMET_ult24h
2025-11-18,04:00,2025-11-18T03:00:00Z,6.9,AEMET_ult24h
2025-11-18,05:00,2025-11-18T04:00:00Z,6.5,AEMET_ult24h
2025-11-18,06:00,2025-11-18T05:00:00Z,6.7,AEMET_ult24h
2025-11-18,07:00,2025-11-18T06:00:00Z,6.2,AEMET_ult24h
2025-11-18,08:00,2025-11-18T07:00:00Z,6.2,AEMET_ult24h
2025-11-18,09:00,2025-11-18T08:00:00Z,6.5,AEMET_ult24h
2025-11-18,10:00,2025-11-18T09:00:00Z,7.3,AEMET_ult24h
2025-11-18,11:00,2025-11-18T10:00:00Z,7.6,AEMET_ult24h
2025-11-18,12:00,2025-11-18T11:00:00Z,8.0,AEMET_ult24h
2025-11-18,13:00,2025-11-18T12:00:00Z,8.3,AEMET_ult24h
2025-11-18,14:00,2025-11-18T13:00:00Z,8.8,AEMET_ult24h
2025-11-18,15:00,2025-11-18T14:00:00Z,9.2,AEMET_ult24h
2025-11-18,16:00,2025-11-18T15:00:00Z,8.5,AEMET_ult24h
2025-11-18,17:00,2025-11-18T16:00:00Z,7.8,AEMET_ult24h
2025-11-18,18:00,2025-11-18T17:00:00Z,6.8,AEMET_ult24h
2025-11-18,19:00,2025-11-18T18:00:00Z,5.2,AEMET_ult24h
2025-11-18,20:00,2025-11-18T19:00:00Z,5.8,AEMET_ult24h
2025-11-18,21:00,2025-11-18T20:00:00Z,5.7,AEMET_ult24h
2025-11-18,22:00,2025-11-18T21:00:00Z,5.2,AEMET_ult24h
2025-11-18,23:00,2025-11-18T22:00:00Z,4.3,AEMET_ult24h
2025-11-19,00:00,2025-11-18T23:00:00Z,3.4,AEMET_ult24h
2025-11-19,01:00,2025-11-19T00:00:00Z,1.5,AEMET_ult24h
2025-11-19,02:00,2025-11-19T01:00:00Z,-0.2,AEMET_ult24h
2025-11-19,03:00,2025-11-19T02:00:00Z,0.5,AEMET_ult24h
2025-11-19,04:00,2025-11-19T03:00:00Z,0.6,AEMET_ult24h
2025-11-19,05:00,2025-11-19T04:00:00Z,1.4,AEMET_ult24h
2025-11-19,06:00,2025-11-19T05:00:00Z,1.9,AEMET_ult24h
2025-11-19,07:00,2025-11-19T06:00:00Z,2.2,AEMET_ult24h
2025-11-19,08:00,2025-11-19T07:00:00Z,2.6,AEMET_ult24h
2025-11-19,09:00,2025-11-19T08:00:00Z,2.8,AEMET_ult24h
2025-11-19,10:00,2025-11-19T09:00:00Z,3.9,AEMET_ult24h
2025-11-19,11:00,2025-11-19T10:00:00Z,4.8,AEMET_ult24h
2025-11-19,12:00,2025-11-19T11:00:00Z,8.0,AEMET_ult24h
2025-11-19,13:00,2025-11-19T12:00:00Z,8.2,AEMET_ult24h
2025-11-19,14:00,2025-11-19T13:00:00Z,8.9,AEMET_ult24h
2025-11-19,15:00,2025-11-19T14:00:00Z,11.1,AEMET_ult24h
2025-11-19,16:00,2025-11-19T15:00:00Z,10.8,AEMET_ult24h
2025-11-19,17:00,2025-11-19T16:00:00Z,9.1,AEMET_ult24h
2025-11-19,18:00,2025-11-19T17:00:00Z,7.8,AEMET_ult24h
2025-11-19,19:00,2025-11-19T18:00:00Z,7.5,AEMET_ult24h
2025-11-19,20:00,2025-11-19T19:00:00Z,7.1,AEMET_ult24h
2025-11-19,21:00,2025-11-19T20:00:00Z,6.7,AEMET_ult24h
2025-11-19,22:00,2025-11-19T21:00:00Z,6.0,AEMET_ult24h
2025-11-19,23:00,2025-11-19T22:00:00Z,5.7,AEMET_ult24h
2025-11-20,00:00,2025-11-19T23:00:00Z,5.0,AEMET_ult24h
2025-11-20,01:00,2025-11-20T00:00:00Z,4.6,AEMET_ult24h
2025-11-20,02:00,2025-11-20T01:00:00Z,4.2,AEMET_ult24h
2025-11-20,03:00,2025-11-20T02:00:00Z,4.3,AEMET_ult24h
2025-11-20,04:00,2025-11-20T03:00:00Z,3.7,AEMET_ult24h
2025-11-20,05:00,2025-11-20T04:00:00Z,3.4,AEMET_ult24h
2025-11-20,06:00,2025-11-20T05:00:00Z,3.5,AEMET_ult24h
2025-11-20,07:00,2025-11-20T06:00:00Z,3.4,AEMET_ult24h
2025-11-20,08:00,2025-11-20T07:00:00Z,3.3,AEMET_ult24h
2025-11-20,09:00,2025-11-20T08:00:00Z,3.7,AEMET_ult24h
2025-11-20,10:00,2025-11-20T09:00:00Z,4.5,AEMET_ult24h
2025-11-20,11:00,2025-11-20T10:00:00Z,4.2,AEMET_ult24h
2025-11-20,12:00,2025-11-20T11:00:00Z,4.6,AEMET_ult24h
2025-11-20,13:00,2025-11-20T12:00:00Z,4.1,AEMET_ult24h
2025-11-20,14:00,2025-11-20T13:00:00Z,4.5,AEMET_ult24h
2025-11-20,15:00,2025-11-20T14:00:00Z,5.3,AEMET_ult24h
2025-11-20,16:00,2025-11-20T15:00:00Z,5.4,AEMET_ult24h
2025-11-20,17:00,2025-11-20T16:00:00Z,3.2,AEMET_ult24h
2025-11-20,18:00,2025-11-20T17:00:00Z,2.7,AEMET_ult24h
2025-11-20,19:00,2025-11-20T18:00:00Z,2.6,AEMET_ult24h
2025-11-20,20:00,2025-11-20T19:00:00Z,3.0,AEMET_ult24h
2025-11-20,21:00,2025-11-20T20:00:00Z,2.7,AEMET_ult24h
2025-11-20,22:00,2025-11-20T21:00:00Z,2.5,AEMET_ult24h
2025-11-20,23:00,2025-11-20T22:00:00Z,2.4,AEMET_ult24h
2025-11-21,00:00,2025-11-20T23:00:00Z,1.8,AEMET_ult24h
2025-11-21,01:00,2025-11-21T00:00:00Z,2.4,AEMET_ult24h
2025-11-21,02:00,2025-11-21T01:00:00Z,2.6,AEMET_ult24h
2025-11-21,03:00,2025-11-21T02:00:00Z,2.7,AEMET_ult24h
2025-11-21,04:00,2025-11-21T03:00:00Z,2.0,AEMET_ult24h
2025-11-21,05:00,2025-11-21T04:00:00Z,1.9,AEMET_ult24h
2025-11-21,06:00,2025-11-21T05:00:00Z,1.6,AEMET_ult24h
2025-11-21,07:00,2025-11-21T06:00:00Z,1.2,AEMET_ult24h
2025-11-21,08:00,2025-11-21T07:00:00Z,0.8,AEMET_ult24h
2025-11-21,09:00,2025-11-21T08:00:00Z,1.2,AEMET_ult24h
2025-11-21,10:00,2025-11-21T09:00:00Z,1.7,AEMET_ult24h
2025-11-21,11:00,2025-11-21T10:00:00Z,1.5,AEMET_ult24h
2025-11-21,12:00,2025-11-21T11:00:00Z,1.0,AEMET_ult24h
2025-11-21,13:00,2025-11-21T12:00:00Z,1.7,AEMET_ult24h
2025-11-21,14:00,2025-11-21T13:00:00Z,2.8,AEMET_ult24h
2025-11-21,15:00,2025-11-21T14:00:00Z,2.8,AEMET_ult24h
2025-11-21,16:00,2025-11-21T15:00:00Z,2.2,AEMET_ult24h
2025-11-21,17:00,2025-11-21T16:00:00Z,2.3,AEMET_ult24h
2025-11-21,18:00,2025-11-21T17:00:00Z,1.3,AEMET_ult24h
2025-11-21,19:00,2025-11-21T18:00:00Z,1.6,AEMET_ult24h
2025-11-21,20:00,2025-11-21T19:00:00Z,2.1,AEMET_ult24h
2025-11-21,21:00,2025-11-21T20:00:00Z,1.5,AEMET_ult24h
2025-11-21,22:00,2025-11-21T21:00:00Z,1.9,AEMET_ult24h
2025-11-21,23:00,2025-11-21T22:00:00Z,1.7,AEMET_ult24h
2025-11-22,00:00,2025-11-21T23:00:00Z,1.5,AEMET_ult24h
2025-11-22,01:00,2025-11-22T00:00:00Z,1.8,AEMET_ult24h
2025-11-22,02:00,2025-11-22T01:00:00Z,1.4,AEMET_ult24h
2025-11-22,03:00,2025-11-22T02:00:00Z,1.7,AEMET_ult24h
2025-11-22,04:00,2025-11-22T03:00:00Z,1.7,AEMET_ult24h
2025-11-22,05:00,2025-11-22T04:00:00Z,1.3,AEMET_ult24h
2025-11-22,06:00,2025-11-22T05:00:00Z,1.8,AEMET_ult24h
2025-11-22,07:00,2025-11-22T06:00:00Z,1.2,AEMET_ult24h
2025-11-22,08:00,2025-11-22T07:00:00Z,0.3,AEMET_ult24h
2025-11-22,09:00,2025-11-22T08:00:00Z,0.6,AEMET_ult24h
2025-11-22,10:00,2025-11-22T09:00:00Z,2.3,AEMET_ult24h
2025-11-22,11:00,2025-11-22T10:00:00Z,5.2,AEMET_ult24h
2025-11-22,12:00,2025-11-22T11:00:00Z,6.9,AEMET_ult24h
2025-11-22,13:00,2025-11-22T12:00:00Z,7.5,AEMET_ult24h
2025-11-22,14:00,2025-11-22T13:00:00Z,7.7,AEMET_ult24h
2025-11-22,15:00,2025-11-22T14:00:00Z,7.6,AEMET_ult24h
2025-11-22,16:00,2025-11-22T15:00:00Z,7.2,AEMET_ult24h
2025-11-22,17:00,2025-11-22T16:00:00Z,6.6,AEMET_ult24h
2025-11-22,18:00,2025-11-22T17:00:00Z,5.4,AEMET_ult24h
2025-11-22,19:00,2025-11-22T18:00:00Z,3.6,AEMET_ult24h
2025-11-22,20:00,2025-11-22T19:00:00Z,4.7,AEMET_ult24h
2025-11-22,21:00,2025-11-22T20:00:00Z,5.3,AEMET_ult24h
2025-11-22,22:00,2025-11-22T21:00:00Z,5.7,AEMET_ult24h
2025-11-22,23:00,2025-11-22T22:00:00Z,5.4,AEMET_ult24h
2025-11-23,00:00,2025-11-22T23:00:00Z,5.5,AEMET_ult24h
2025-11-23,01:00,2025-11-23T00:00:00Z,5.5,AEMET_ult24h
2025-11-23,02:00,2025-11-23T01:00:00Z,5.7,AEMET_ult24h
2025-11-23,03:00,2025-11-23T02:00:00Z,5.8,AEMET_ult24h
2025-11-23,04:00,2025-11-23T03:00:00Z,5.8,AEMET_ult24h
2025-11-23,05:00,2025-11-23T04:00:00Z,5.5,AEMET_ult24h
2025-11-23,06:00,2025-11-23T05:00:00Z,5.5,AEMET_ult24h
2025-11-23,07:00,2025-11-23T06:00:00Z,4.6,AEMET_ult24h
2025-11-23,08:00,2025-11-23T07:00:00Z,4.5,AEMET_ult24h
2025-11-23,09:00,2025-11-23T08:00:00Z,5.4,AEMET_ult24h
2025-11-23,10:00,2025-11-23T09:00:00Z,7.1,AEMET_ult24h
2025-11-23,11:00,2025-11-23T10:00:00Z,9.3,AEMET_ult24h
2025-11-23,12:00,2025-11-23T11:00:00Z,10.0,AEMET_ult24h
2025-11-23,13:00,2025-11-23T12:00:00Z,11.0,AEMET_ult24h
2025-11-23,14:00,2025-11-23T13:00:00Z,10.9,AEMET_ult24h
2025-11-23,15:00,2025-11-23T14:00:00Z,10.9,AEMET_ult24h
2025-11-23,16:00,2025-11-23T15:00:00Z,10.9,AEMET_ult24h
2025-11-23,17:00,2025-11-23T16:00:00Z,10.7,AEMET_ult24h
2025-11-23,18:00,2025-11-23T17:00:00Z,10.6,AEMET_ult24h
2025-11-23,19:00,2025-11-23T18:00:00Z,11.3,AEMET_ult24h
2025-11-23,20:00,2025-11-23T19:00:00Z,11.6,AEMET_ult24h
2025-11-23,21:00,2025-11-23T20:00:00Z,11.7,AEMET_ult24h
2025-11-23,22:00,2025-11-23T21:00:00Z,11.1,AEMET_ult24h
2025-11-23,23:00,2025-11-23T22:00:00Z,11.2,AEMET_ult24h
2025-11-24,00:00,2025-11-23T23:00:00Z,11.3,AEMET_ult24h
2025-11-24,01:00,2025-11-24T00:00:00Z,11.4,AEMET_ult24h
2025-11-24,02:00,2025-11-24T01:00:00Z,12.1,AEMET_ult24h
2025-11-24,03:00,2025-11-24T02:00:00Z,11.9,AEMET_ult24h
2025-11-24,04:00,2025-11-24T03:00:00Z,11.7,AEMET_ult24h
2025-11-24,05:00,2025-11-24T04:00:00Z,11.3,AEMET_ult24h
2025-11-24,06:00,2025-11-24T05:00:00Z,11.2,AEMET_ult24h
2025-11-24,07:00,2025-11-24T06:00:00Z,11.3,AEMET_ult24h
2025-11-24,08:00,2025-11-24T07:00:00Z,11.2,AEMET_ult24h
2025-11-24,09:00,2025-11-24T08:00:00Z,11.5,AEMET_ult24h
2025-11-24,10:00,2025-11-24T09:00:00Z,12.1,AEMET_ult24h
2025-11-24,11:00,2025-11-24T10:00:00Z,12.6,AEMET_ult24h
2025-11-24,12:00,2025-11-24T11:00:00Z,11.0,AEMET_ult24h
2025-11-24,13:00,2025-11-24T12:00:00Z,11.6,AEMET_ult24h
2025-11-24,14:00,2025-11-24T13:00:00Z,12.5,AEMET_ult24h
2025-11-24,15:00,2025-11-24T14:00:00Z,11.6,AEMET_ult24h
2025-11-24,16:00,2025-11-24T15:00:00Z,11.3,AEMET_ult24h
2025-11-24,17:00,2025-11-24T16:00:00Z,10.5,AEMET_ult24h
2025-11-24,18:00,2025-11-24T17:00:00Z,8.9,AEMET_ult24h
2025-11-24,19:00,2025-11-24T18:00:00Z,8.2,AEMET_ult24h
2025-11-24,20:00,2025-11-24T19:00:00Z,7.5,AEMET_ult24h
2025-11-24,21:00,2025-11-24T20:00:00Z,7.3,AEMET_ult24h
2025-11-24,22:00,2025-11-24T21:00:00Z,6.7,AEMET_ult24h
2025-11-24,23:00,2025-11-24T22:00:00Z,6.2,AEMET_ult24h
2025-11-25,00:00,2025-11-24T23:00:00Z,5.6,AEMET_ult24h
2025-11-25,01:00,2025-11-25T00:00:00Z,4.3,AEMET_ult24h
2025-11-25,02:00,2025-11-25T01:00:00Z,5.2,AEMET_ult24h
2025-11-25,03:00,2025-11-25T02:00:00Z,4.7,AEMET_ult24h
2025-11-25,04:00,2025-11-25T03:00:00Z,5.1,AEMET_ult24h
2025-11-25,05:00,2025-11-25T04:00:00Z,5.2,AEMET_ult24h
2025-11-25,06:00,2025-11-25T05:00:00Z,5.5,AEMET_ult24h
2025-11-25,07:00,2025-11-25T06:00:00Z,5.8,AEMET_ult24h
2025-11-25,08:00,2025-11-25T07:00:00Z,5.8,AEMET_ult24h
2025-11-25,09:00,2025-11-25T08:00:00Z,6.6,AEMET_ult24h
2025-11-25,10:00,2025-11-25T09:00:00Z,6.6,AEMET_ult24h
2025-11-25,11:00,2025-11-25T10:00:00Z,7.4,AEMET_ult24h
2025-11-25,12:00,2025-11-25T11:00:00Z,6.1,AEMET_ult24h
2025-11-25,13:00,2025-11-25T12:00:00Z,7.8,AEMET_ult24h
2025-11-25,14:00,2025-11-25T13:00:00Z,7.5,AEMET_ult24h
2025-11-25,15:00,2025-11-25T14:00:00Z,7.2,AEMET_ult24h
2025-11-25,16:00,2025-11-25T15:00:00Z,8.0,AEMET_ult24h
2025-11-25,17:00,2025-11-25T16:00:00Z,7.9,AEMET_ult24h
2025-11-25,18:00,2025-11-25T17:00:00Z,5.9,AEMET_ult24h
2025-11-25,19:00,2025-11-25T18:00:00Z,6.3,AEMET_ult24h
2025-11-25,20:00,2025-11-25T19:00:00Z,5.8,AEMET_ult24h
2025-11-25,21:00,2025-11-25T20:00:00Z,5.6,AEMET_ult24h
2025-11-25,22:00,2025-11-25T21:00:00Z,5.7,AEMET_ult24h
2025-11-25,23:00,2025-11-25T22:00:00Z,5.4,AEMET_ult24h
2025-11-26,00:00,2025-11-25T23:00:00Z,5.0,AEMET_ult24h
2025-11-26,01:00,2025-11-26T00:00:00Z,4.9,AEMET_ult24h
2025-11-26,02:00,2025-11-26T01:00:00Z,5.0,AEMET_ult24h
2025-11-26,03:00,2025-11-26T02:00:00Z,5.3,AEMET_ult24h
2025-11-26,04:00,2025-11-26T03:00:00Z,4.7,AEMET_ult24h
2025-11-26,05:00,2025-11-26T04:00:00Z,4.4,AEMET_ult24h
2025-11-26,06:00,2025-11-26T05:00:00Z,5.4,AEMET_ult24h
2025-11-26,07:00,2025-11-26T06:00:00Z,4.9,AEMET_ult24h
2025-11-26,08:00,2025-11-26T07:00:00Z,4.8,AEMET_ult24h
2025-11-26,09:00,2025-11-26T08:00:00Z,4.6,AEMET_ult24h
2025-11-26,10:00,2025-11-26T09:00:00Z,6.1,AEMET_ult24h
2025-11-26,11:00,2025-11-26T10:00:00Z,6.1,AEMET_ult24h
2025-11-26,12:00,2025-11-26T11:00:00Z,6.9,AEMET_ult24h
2025-11-26,13:00,2025-11-26T12:00:00Z,7.6,AEMET_ult24h
2025-11-26,14:00,2025-11-26T13:00:00Z,7.5,AEMET_ult24h
2025-11-26,15:00,2025-11-26T14:00:00Z,7.6,AEMET_ult24h
2025-11-26,16:00,2025-11-26T15:00:00Z,8.5,AEMET_ult24h
2025-11-26,17:00,2025-11-26T16:00:00Z,7.0,AEMET_ult24h
2025-11-26,18:00,2025-11-26T17:00:00Z,5.9,AEMET_ult24h
2025-11-26,19:00,2025-11-26T18:00:00Z,5.1,AEMET_ult24h
2025-11-26,20:00,2025-11-26T19:00:00Z,4.1,AEMET_ult24h
2025-11-26,21:00,2025-11-26T20:00:00Z,3.3,AEMET_ult24h
2025-11-26,22:00,2025-11-26T21:00:00Z,3.4,AEMET_ult24h
2025-11-26,23:00,2025-11-26T22:00:00Z,3.4,AEMET_ult24h
2025-11-27,00:00,2025-11-26T23:00:00Z,3.3,AEMET_ult24h
2025-11-27,01:00,2025-11-27T00:00:00Z,2.8,AEMET_ult24h
2025-11-27,02:00,2025-11-27T01:00:00Z,3.5,AEMET_ult24h
2025-11-27,03:00,2025-11-27T02:00:00Z,3.4,AEMET_ult24h
2025-11-27,04:00,2025-11-27T03:00:00Z,2.1,AEMET_ult24h
2025-11-27,05:00,2025-11-27T04:00:00Z,1.9,AEMET_ult24h
2025-11-27,06:00,2025-11-27T05:00:00Z,1.8,AEMET_ult24h
2025-11-27,07:00,2025-11-27T06:00:00Z,1.2,AEMET_ult24h
2025-11-27,08:00,2025-11-27T07:00:00Z,1.9,AEMET_ult24h
2025-11-27,09:00,2025-11-27T08:00:00Z,2.6,AEMET_ult24h
2025-11-27,10:00,2025-11-27T09:00:00Z,4.4,AEMET_ult24h
2025-11-27,11:00,2025-11-27T10:00:00Z,5.8,AEMET_ult24h
2025-11-27,12:00,2025-11-27T11:00:00Z,6.9,AEMET_ult24h
2025-11-27,13:00,2025-11-27T12:00:00Z,8.1,AEMET_ult24h
2025-11-27,14:00,2025-11-27T13:00:00Z,8.8,AEMET_ult24h
2025-11-27,15:00,2025-11-27T14:00:00Z,8.3,AEMET_ult24h
2025-11-27,16:00,2025-11-27T15:00:00Z,8.4,AEMET_ult24h
2025-11-27,17:00,2025-11-27T16:00:00Z,8.4,AEMET_ult24h
2025-11-27,18:00,2025-11-27T17:00:00Z,8.2,AEMET_ult24h
2025-11-27,19:00,2025-11-27T18:00:00Z,8.1,AEMET_ult24h
2025-11-27,20:00,2025-11-27T19:00:00Z,7.8,AEMET_ult24h
2025-11-27,21:00,2025-11-27T20:00:00Z,7.8,AEMET_ult24h
2025-11-27,22:00,2025-11-27T21:00:00Z,7.7,AEMET_ult24h
2025-11-27,23:00,2025-11-27T22:00:00Z,7.5,AEMET_ult24h
2025-11-28,00:00,2025-11-27T23:00:00Z,7.5,AEMET_ult24h
2025-11-28,01:00,2025-11-28T00:00:00Z,7.3,AEMET_ult24h
2025-11-28,02:00,2025-11-28T01:00:00Z,7.3,AEMET_ult24h
2025-11-28,03:00,2025-11-28T02:00:00Z,7.0,AEMET_ult24h
2025-11-28,04:00,2025-11-28T03:00:00Z,6.5,AEMET_ult24h
2025-11-28,05:00,2025-11-28T04:00:00Z,4.8,AEMET_ult24h
2025-11-28,06:00,2025-11-28T05:00:00Z,4.8,AEMET_ult24h
2025-11-28,07:00,2025-11-28T06:00:00Z,5.3,AEMET_ult24h
2025-11-28,08:00,2025-11-28T07:00:00Z,5.4,AEMET_ult24h
2025-11-28,09:00,2025-11-28T08:00:00Z,4.6,AEMET_ult24h
2025-11-28,10:00,2025-11-28T09:00:00Z,5.1,AEMET_ult24h
2025-11-28,11:00,2025-11-28T10:00:00Z,5.6,AEMET_ult24h
2025-11-28,12:00,2025-11-28T11:00:00Z,6.4,AEMET_ult24h
2025-11-28,13:00,2025-11-28T12:00:00Z,7.2,AEMET_ult24h
2025-11-28,14:00,2025-11-28T13:00:00Z,9.0,AEMET_ult24h
2025-11-28,15:00,2025-11-28T14:00:00Z,10.9,AEMET_ult24h
2025-11-28,16:00,2025-11-28T15:00:00Z,11.7,AEMET_ult24h
2025-11-28,17:00,2025-11-28T16:00:00Z,12.1,AEMET_ult24h
2025-11-28,18:00,2025-11-28T17:00:00Z,9.1,AEMET_ult24h
2025-11-28,19:00,2025-11-28T18:00:00Z,6.2,AEMET_ult24h
2025-11-28,20:00,2025-11-28T19:00:00Z,4.6,AEMET_ult24h
2025-11-28,21:00,2025-11-28T20:00:00Z,3.2,AEMET_ult24h
2025-11-28,22:00,2025-11-28T21:00:00Z,2.0,AEMET_ult24h
2025-11-28,23:00,2025-11-28T22:00:00Z,1.0,AEMET_ult24h
2025-11-29,00:00,2025-11-28T23:00:00Z,1.5,AEMET_ult24h
2025-11-29,01:00,2025-11-29T00:00:00Z,2.4,AEMET_ult24h
2025-11-29,02:00,2025-11-29T01:00:00Z,3.1,AEMET_ult24h
2025-11-29,03:00,2025-11-29T02:00:00Z,3.3,AEMET_ult24h
2025-11-29,04:00,2025-11-29T03:00:00Z,3.3,AEMET_ult24h
2025-11-29,05:00,2025-11-29T04:00:00Z,3.1,AEMET_ult24h
2025-11-29,06:00,2025-11-29T05:00:00Z,2.9,AEMET_ult24h
2025-11-29,07:00,2025-11-29T06:00:00Z,2.8,AEMET_ult24h
2025-11-29,08:00,2025-11-29T07:00:00Z,2.6,AEMET_ult24h
2025-11-29,09:00,2025-11-29T08:00:00Z,2.6,AEMET_ult24h
2025-11-29,10:00,2025-11-29T09:00:00Z,3.0,AEMET_ult24h
2025-11-29,11:00,2025-11-29T10:00:00Z,3.8,AEMET_ult24h
2025-11-29,12:00,2025-11-29T11:00:00Z,5.5,AEMET_ult24h
2025-11-29,13:00,2025-11-29T12:00:00Z,7.2,AEMET_ult24h
2025-11-29,14:00,2025-11-29T13:00:00Z,9.3,AEMET_ult24h
2025-11-29,15:00,2025-11-29T14:00:00Z,10.1,AEMET_ult24h
2025-11-29,16:00,2025-11-29T15:00:00Z,10.2,AEMET_ult24h
2025-11-29,17:00,2025-11-29T16:00:00Z,10.1,AEMET_ult24h
2025-11-29,18:00,2025-11-29T17:00:00Z,8.0,AEMET_ult24h
2025-11-29,19:00,2025-11-29T18:00:00Z,7.2,AEMET_ult24h
2025-11-29,20:00,2025-11-29T19:00:00Z,7.5,AEMET_ult24h
2025-11-29,21:00,2025-11-29T20:00:00Z,7.3,AEMET_ult24h
2025-11-29,22:00,2025-11-29T21:00:00Z,6.8,AEMET_ult24h
2025-11-29,23:00,2025-11-29T22:00:00Z,6.6,AEMET_ult24h
2025-11-30,00:00,2025-11-29T23:00:00Z,6.5,AEMET_ult24h
2025-11-30,01:00,2025-11-30T00:00:00Z,6.5,AEMET_ult24h
2025-11-30,02:00,2025-11-30T01:00:00Z,6.3,AEMET_ult24h
2025-11-30,03:00,2025-11-30T02:00:00Z,6.5,AEMET_ult24h
2025-11-30,04:00,2025-11-30T03:00:00Z,6.0,AEMET_ult24h
2025-11-30,05:00,2025-11-30T04:00:00Z,5.6,AEMET_ult24h
2025-11-30,06:00,2025-11-30T05:00:00Z,5.8,AEMET_ult24h
2025-11-30,07:00,2025-11-30T06:00:00Z,5.6,AEMET_ult24h
2025-11-30,08:00,2025-11-30T07:00:00Z,5.5,AEMET_ult24h
2025-11-30,09:00,2025-11-30T08:00:00Z,5.4,AEMET_ult24h
2025-11-30,10:00,2025-11-30T09:00:00Z,6.5,AEMET_ult24h
2025-11-30,11:00,2025-11-30T10:00:00Z,7.5,AEMET_ult24h
2025-11-30,12:00,2025-11-30T11:00:00Z,8.0,AEMET_ult24h
2025-11-30,13:00,2025-11-30T12:00:00Z,8.9,AEMET_ult24h
2025-11-30,14:00,2025-11-30T13:00:00Z,9.4,AEMET_ult24h
2025-11-30,15:00,2025-11-30T14:00:00Z,8.6,AEMET_ult24h
2025-11-30,16:00,2025-11-30T15:00:00Z,8.4,AEMET_ult24h
2025-11-30,17:00,2025-11-30T16:00:00Z,7.7,AEMET_ult24h
2025-11-30,18:00,2025-11-30T17:00:00Z,6.9,AEMET_ult24h
2025-11-30,19:00,2025-11-30T18:00:00Z,5.1,AEMET_ult24h
2025-11-30,20:00,2025-11-30T19:00:00Z,3.1,AEMET_ult24h
2025-11-30,21:00,2025-11-30T20:00:00Z,2.1,AEMET_ult24h
2025-11-30,22:00,2025-11-30T21:00:00Z,1.5,AEMET_ult24h
2025-11-30,23:00,2025-11-30T22:00:00Z,0.7,AEMET_ult24h
2025-12-01,00:00,2025-11-30T23:00:00Z,-0.6,AEMET_ult24h
2025-12-01,01:00,2025-12-01T00:00:00Z,-0.5,AEMET_ult24h
2025-12-01,02:00,2025-12-01T01:00:00Z,-1.2,AEMET_ult24h
2025-12-01,03:00,2025-12-01T02:00:00Z,-1.5,AEMET_ult24h
2025-12-01,04:00,2025-12-01T03:00:00Z,-1.7,AEMET_ult24h
2025-12-01,05:00,2025-12-01T04:00:00Z,-0.8,AEMET_ult24h
2025-12-01,06:00,2025-12-01T05:00:00Z,0.1,AEMET_ult24h
2025-12-01,07:00,2025-12-01T06:00:00Z,0.4,AEMET_ult24h
2025-12-01,08:00,2025-12-01T07:00:00Z,0.3,AEMET_ult24h
2025-12-01,09:00,2025-12-01T08:00:00Z,-0.1,AEMET_ult24h
2025-12-01,10:00,2025-12-01T09:00:00Z,0.3,AEMET_ult24h
2025-12-01,11:00,2025-12-01T10:00:00Z,1.6,AEMET_ult24h
2025-12-01,12:00,2025-12-01T11:00:00Z,3.3,AEMET_ult24h
2025-12-01,13:00,2025-12-01T12:00:00Z,7.6,AEMET_ult24h
2025-12-01,14:00,2025-12-01T13:00:00Z,9.3,AEMET_ult24h
2025-12-01,15:00,2025-12-01T14:00:00Z,10.3,AEMET_ult24h
2025-12-01,16:00,2025-12-01T15:00:00Z,9.7,AEMET_ult24h
2025-12-01,17:00,2025-12-01T16:00:00Z,8.3,AEMET_ult24h
2025-12-01,18:00,2025-12-01T17:00:00Z,7.5,AEMET_ult24h
2025-12-01,19:00,2025-12-01T18:00:00Z,7.5,AEMET_ult24h
2025-12-01,20:00,2025-12-01T19:00:00Z,6.3,AEMET_ult24h
2025-12-01,21:00,2025-12-01T20:00:00Z,6.6,AEMET_ult24h
2025-12-01,22:00,2025-12-01T21:00:00Z,6.7,AEMET_ult24h
2025-12-01,23:00,2025-12-01T22:00:00Z,6.6,AEMET_ult24h
2025-12-02,00:00,2025-12-01T23:00:00Z,6.1,AEMET_ult24h
2025-12-02,01:00,2025-12-02T00:00:00Z,5.5,AEMET_ult24h
2025-12-02,02:00,2025-12-02T01:00:00Z,5.7,AEMET_ult24h
2025-12-02,03:00,2025-12-02T02:00:00Z,6.2,AEMET_ult24h
2025-12-02,04:00,2025-12-02T03:00:00Z,5.7,AEMET_ult24h
2025-12-02,05:00,2025-12-02T04:00:00Z,5.8,AEMET_ult24h
2025-12-02,06:00,2025-12-02T05:00:00Z,5.4,AEMET_ult24h
2025-12-02,07:00,2025-12-02T06:00:00Z,4.9,AEMET_ult24h
2025-12-02,08:00,2025-12-02T07:00:00Z,4.7,AEMET_ult24h
2025-12-02,09:00,2025-12-02T08:00:00Z,4.6,AEMET_ult24h
2025-12-02,11:00,2025-12-02T10:00:00Z,5.3,AEMET_ult24h
2025-12-02,12:00,2025-12-02T11:00:00Z,6.1,AEMET_ult24h
2025-12-02,13:00,2025-12-02T12:00:00Z,6.9,AEMET_ult24h
2025-12-02,14:00,2025-12-02T13:00:00Z,8.9,AEMET_ult24h
2025-12-02,15:00,2025-12-02T14:00:00Z,9.8,AEMET_ult24h
2025-12-02,16:00,2025-12-02T15:00:00Z,10.0,AEMET_ult24h
2025-12-02,17:00,2025-12-02T16:00:00Z,9.1,AEMET_ult24h
2025-12-02,18:00,2025-12-02T17:00:00Z,5.5,AEMET_ult24h
2025-12-02,19:00,2025-12-02T18:00:00Z,3.5,AEMET_ult24h
2025-12-02,20:00,2025-12-02T19:00:00Z,2.6,AEMET_ult24h
2025-12-02,21:00,2025-12-02T20:00:00Z,1.1,AEMET_ult24h
2025-12-02,22:00,2025-12-02T21:00:00Z,0.2,AEMET_ult24h
2025-12-02,23:00,2025-12-02T22:00:00Z,-0.5,AEMET_ult24h
2025-12-03,00:00,2025-12-02T23:00:00Z,-0.5,AEMET_ult24h
2025-12-03,01:00,2025-12-03T00:00:00Z,1.2,AEMET_ult24h
2025-12-03,02:00,2025-12-03T01:00:00Z,0.4,AEMET_ult24h
2025-12-03,03:00,2025-12-03T02:00:00Z,1.3,AEMET_ult24h
2025-12-03,04:00,2025-12-03T03:00:00Z,2.1,AEMET_ult24h
2025-12-03,05:00,2025-12-03T04:00:00Z,1.6,AEMET_ult24h
2025-12-03,06:00,2025-12-03T05:00:00Z,0.6,AEMET_ult24h
2025-12-03,07:00,2025-12-03T06:00:00Z,0.6,AEMET_ult24h
2025-12-03,08:00,2025-12-03T07:00:00Z,0.1,AEMET_ult24h
2025-12-03,09:00,2025-12-03T08:00:00Z,-0.3,AEMET_ult24h
2025-12-03,10:00,2025-12-03T09:00:00Z,2.3,AEMET_ult24h
2025-12-03,11:00,2025-12-03T10:00:00Z,5.7,AEMET_ult24h
2025-12-03,12:00,2025-12-03T11:00:00Z,8.1,AEMET_ult24h
2025-12-03,13:00,2025-12-03T12:00:00Z,8.2,AEMET_ult24h
2025-12-03,14:00,2025-12-03T13:00:00Z,8.6,AEMET_ult24h
2025-12-03,15:00,2025-12-03T14:00:00Z,8.9,AEMET_ult24h
2025-12-03,16:00,2025-12-03T15:00:00Z,9.7,AEMET_ult24h
2025-12-03,17:00,2025-12-03T16:00:00Z,8.8,AEMET_ult24h
2025-12-03,18:00,2025-12-03T17:00:00Z,7.4,AEMET_ult24h
2025-12-03,19:00,2025-12-03T18:00:00Z,5.5,AEMET_ult24h
2025-12-03,20:00,2025-12-03T19:00:00Z,5.3,AEMET_ult24h
2025-12-03,21:00,2025-12-03T20:00:00Z,6.2,AEMET_ult24h
2025-12-03,22:00,2025-12-03T21:00:00Z,7.3,AEMET_ult24h
2025-12-03,23:00,2025-12-03T22:00:00Z,7.2,AEMET_ult24h
2025-12-04,00:00,2025-12-03T23:00:00Z,7.4,AEMET_ult24h
2025-12-04,01:00,2025-12-04T00:00:00Z,7.3,AEMET_ult24h
2025-12-04,02:00,2025-12-04T01:00:00Z,7.4,AEMET_ult24h
2025-12-04,03:00,2025-12-04T02:00:00Z,7.8,AEMET_ult24h
2025-12-04,04:00,2025-12-04T03:00:00Z,7.8,AEMET_ult24h
2025-12-04,05:00,2025-12-04T04:00:00Z,7.6,AEMET_ult24h
2025-12-04,06:00,2025-12-04T05:00:00Z,7.5,AEMET_ult24h
2025-12-04,07:00,2025-12-04T06:00:00Z,6.9,AEMET_ult24h
2025-12-04,08:00,2025-12-04T07:00:00Z,6.8,AEMET_ult24h
2025-12-04,09:00,2025-12-04T08:00:00Z,6.5,AEMET_ult24h
2025-12-04,10:00,2025-12-04T09:00:00Z,7.1,AEMET_ult24h
2025-12-04,11:00,2025-12-04T10:00:00Z,7.3,AEMET_ult24h
2025-12-04,12:00,2025-12-04T11:00:00Z,8.9,AEMET_ult24h
2025-12-04,13:00,2025-12-04T12:00:00Z,9.1,AEMET_ult24h
2025-12-04,14:00,2025-12-04T13:00:00Z,9.5,AEMET_ult24h
2025-12-04,15:00,2025-12-04T14:00:00Z,9.1,AEMET_ult24h
2025-12-04,16:00,2025-12-04T15:00:00Z,8.7,AEMET_ult24h
2025-12-04,17:00,2025-12-04T16:00:00Z,8.5,AEMET_ult24h
2025-12-04,18:00,2025-12-04T17:00:00Z,7.9,AEMET_ult24h
2025-12-04,19:00,2025-12-04T18:00:00Z,7.1,AEMET_ult24h
2025-12-04,20:00,2025-12-04T19:00:00Z,6.6,AEMET_ult24h
2025-12-04,21:00,2025-12-04T20:00:00Z,6.5,AEMET_ult24h
2025-12-04,22:00,2025-12-04T21:00:00Z,5.9,AEMET_ult24h
2025-12-04,23:00,2025-12-04T22:00:00Z,5.8,AEMET_ult24h
2025-12-05,00:00,2025-12-04T23:00:00Z,5.5,AEMET_ult24h
2025-12-05,01:00,2025-12-05T00:00:00Z,5.1,AEMET_ult24h
2025-12-05,02:00,2025-12-05T01:00:00Z,4.9,AEMET_ult24h
2025-12-05,03:00,2025-12-05T02:00:00Z,5.1,AEMET_ult24h
2025-12-05,04:00,2025-12-05T03:00:00Z,5.1,AEMET_ult24h
2025-12-05,05:00,2025-12-05T04:00:00Z,5.2,AEMET_ult24h
2025-12-05,06:00,2025-12-05T05:00:00Z,5.4,AEMET_ult24h
2025-12-05,07:00,2025-12-05T06:00:00Z,5.3,AEMET_ult24h
2025-12-05,08:00,2025-12-05T07:00:00Z,5.2,AEMET_ult24h
2025-12-05,09:00,2025-12-05T08:00:00Z,5.1,AEMET_ult24h
2025-12-05,10:00,2025-12-05T09:00:00Z,6.4,AEMET_ult24h
2025-12-05,11:00,2025-12-05T10:00:00Z,7.4,AEMET_ult24h
2025-12-05,12:00,2025-12-05T11:00:00Z,8.4,AEMET_ult24h
2025-12-05,13:00,2025-12-05T12:00:00Z,11.2,AEMET_ult24h
2025-12-05,14:00,2025-12-05T13:00:00Z,11.1,AEMET_ult24h
2025-12-05,15:00,2025-12-05T14:00:00Z,10.7,AEMET_ult24h
2025-12-05,16:00,2025-12-05T15:00:00Z,10.7,AEMET_ult24h
2025-12-05,17:00,2025-12-05T16:00:00Z,10.9,AEMET_ult24h
2025-12-05,18:00,2025-12-05T17:00:00Z,10.7,AEMET_ult24h
2025-12-05,19:00,2025-12-05T18:00:00Z,10.9,AEMET_ult24h
2025-12-05,20:00,2025-12-05T19:00:00Z,11.5,AEMET_ult24h
2025-12-05,21:00,2025-12-05T20:00:00Z,12.1,AEMET_ult24h
2025-12-05,22:00,2025-12-05T21:00:00Z,12.9,AEMET_ult24h
2025-12-05,23:00,2025-12-05T22:00:00Z,13.4,AEMET_ult24h
2025-12-06,00:00,2025-12-05T23:00:00Z,13.8,AEMET_ult24h
2025-12-06,01:00,2025-12-06T00:00:00Z,14.0,AEMET_ult24h
2025-12-06,02:00,2025-12-06T01:00:00Z,13.7,AEMET_ult24h
2025-12-06,03:00,2025-12-06T02:00:00Z,13.9,AEMET_ult24h
2025-12-06,04:00,2025-12-06T03:00:00Z,14.0,AEMET_ult24h
2025-12-06,05:00,2025-12-06T04:00:00Z,13.5,AEMET_ult24h
2025-12-06,06:00,2025-12-06T05:00:00Z,13.7,AEMET_ult24h
2025-12-06,07:00,2025-12-06T06:00:00Z,13.5,AEMET_ult24h
2025-12-06,08:00,2025-12-06T07:00:00Z,13.5,AEMET_ult24h
2025-12-06,09:00,2025-12-06T08:00:00Z,13.3,AEMET_ult24h
2025-12-06,10:00,2025-12-06T09:00:00Z,14.1,AEMET_ult24h
2025-12-06,11:00,2025-12-06T10:00:00Z,15.4,AEMET_ult24h
2025-12-06,12:00,2025-12-06T11:00:00Z,16.3,AEMET_ult24h
2025-12-06,13:00,2025-12-06T12:00:00Z,15.9,AEMET_ult24h
2025-12-06,14:00,2025-12-06T13:00:00Z,16.1,AEMET_ult24h
2025-12-06,15:00,2025-12-06T14:00:00Z,16.1,AEMET_ult24h
2025-12-06,16:00,2025-12-06T15:00:00Z,15.7,AEMET_ult24h
2025-12-06,17:00,2025-12-06T16:00:00Z,14.9,AEMET_ult24h
2025-12-06,18:00,2025-12-06T17:00:00Z,13.0,AEMET_ult24h
2025-12-06,19:00,2025-12-06T18:00:00Z,13.5,AEMET_ult24h
2025-12-06,20:00,2025-12-06T19:00:00Z,14.3,AEMET_ult24h
2025-12-06,21:00,2025-12-06T20:00:00Z,14.3,AEMET_ult24h
2025-12-06,22:00,2025-12-06T21:00:00Z,13.9,AEMET_ult24h
2025-12-06,23:00,2025-12-06T22:00:00Z,13.5,AEMET_ult24h
2025-12-07,00:00,2025-12-06T23:00:00Z,14.4,AEMET_ult24h
2025-12-07,01:00,2025-12-07T00:00:00Z,14.8,AEMET_ult24h
2025-12-07,02:00,2025-12-07T01:00:00Z,14.8,AEMET_ult24h
2025-12-07,03:00,2025-12-07T02:00:00Z,14.5,AEMET_ult24h
2025-12-07,04:00,2025-12-07T03:00:00Z,14.5,AEMET_ult24h
2025-12-07,05:00,2025-12-07T04:00:00Z,14.1,AEMET_ult24h
2025-12-07,06:00,2025-12-07T05:00:00Z,13.9,AEMET_ult24h
2025-12-07,07:00,2025-12-07T06:00:00Z,13.5,AEMET_ult24h
2025-12-07,08:00,2025-12-07T07:00:00Z,12.9,AEMET_ult24h
2025-12-07,09:00,2025-12-07T08:00:00Z,12.6,AEMET_ult24h
2025-12-07,10:00,2025-12-07T09:00:00Z,13.3,AEMET_ult24h
2025-12-07,11:00,2025-12-07T10:00:00Z,13.7,AEMET_ult24h
2025-12-07,12:00,2025-12-07T11:00:00Z,14.2,AEMET_ult24h
2025-12-07,13:00,2025-12-07T12:00:00Z,15.5,AEMET_ult24h
2025-12-07,14:00,2025-12-07T13:00:00Z,15.7,AEMET_ult24h
2025-12-07,15:00,2025-12-07T14:00:00Z,15.7,AEMET_ult24h
2025-12-07,16:00,2025-12-07T15:00:00Z,15.1,AEMET_ult24h
2025-12-07,17:00,2025-12-07T16:00:00Z,14.4,AEMET_ult24h
2025-12-07,18:00,2025-12-07T17:00:00Z,12.7,AEMET_ult24h
2025-12-07,19:00,2025-12-07T18:00:00Z,11.7,AEMET_ult24h
2025-12-07,20:00,2025-12-07T19:00:00Z,11.3,AEMET_ult24h
2025-12-07,21:00,2025-12-07T20:00:00Z,10.3,AEMET_ult24h
2025-12-07,22:00,2025-12-07T21:00:00Z,9.8,AEMET_ult24h
2025-12-07,23:00,2025-12-07T22:00:00Z,8.8,AEMET_ult24h
2025-12-08,00:00,2025-12-07T23:00:00Z,8.2,AEMET_ult24h
2025-12-08,01:00,2025-12-08T00:00:00Z,8.1,AEMET_ult24h
2025-12-08,02:00,2025-12-08T01:00:00Z,7.2,AEMET_ult24h
2025-12-08,03:00,2025-12-08T02:00:00Z,6.4,AEMET_ult24h
2025-12-08,04:00,2025-12-08T03:00:00Z,7.8,AEMET_ult24h
2025-12-08,05:00,2025-12-08T04:00:00Z,9.0,AEMET_ult24h
2025-12-08,06:00,2025-12-08T05:00:00Z,8.9,AEMET_ult24h
2025-12-08,07:00,2025-12-08T06:00:00Z,7.5,AEMET_ult24h
2025-12-08,08:00,2025-12-08T07:00:00Z,8.2,AEMET_ult24h
2025-12-08,09:00,2025-12-08T08:00:00Z,8.6,AEMET_ult24h
2025-12-08,10:00,2025-12-08T09:00:00Z,8.6,AEMET_ult24h
2025-12-08,11:00,2025-12-08T10:00:00Z,11.7,AEMET_ult24h
2025-12-08,12:00,2025-12-08T11:00:00Z,13.5,AEMET_ult24h
2025-12-08,13:00,2025-12-08T12:00:00Z,14.6,AEMET_ult24h
2025-12-08,14:00,2025-12-08T13:00:00Z,15.6,AEMET_ult24h
2025-12-08,15:00,2025-12-08T14:00:00Z,15.9,AEMET_ult24h
2025-12-08,16:00,2025-12-08T15:00:00Z,15.2,AEMET_ult24h
2025-12-08,17:00,2025-12-08T16:00:00Z,13.4,AEMET_ult24h
2025-12-08,18:00,2025-12-08T17:00:00Z,11.8,AEMET_ult24h
2025-12-08,19:00,2025-12-08T18:00:00Z,11.1,AEMET_ult24h
2025-12-08,20:00,2025-12-08T19:00:00Z,10.7,AEMET_ult24h
2025-12-08,21:00,2025-12-08T20:00:00Z,8.9,AEMET_ult24h
2025-12-08,22:00,2025-12-08T21:00:00Z,8.3,AEMET_ult24h
2025-12-08,23:00,2025-12-08T22:00:00Z,8.4,AEMET_ult24h
2025-12-09,00:00,2025-12-08T23:00:00Z,7.3,AEMET_ult24h
2025-12-09,01:00,2025-12-09T00:00:00Z,6.3,AEMET_ult24h
2025-12-09,02:00,2025-12-09T01:00:00Z,7.6,AEMET_ult24h
2025-12-09,03:00,2025-12-09T02:00:00Z,8.3,AEMET_ult24h
2025-12-09,04:00,2025-12-09T03:00:00Z,8.2,AEMET_ult24h
2025-12-09,05:00,2025-12-09T04:00:00Z,7.0,AEMET_ult24h
2025-12-09,06:00,2025-12-09T05:00:00Z,7.1,AEMET_ult24h
2025-12-09,07:00,2025-12-09T06:00:00Z,7.4,AEMET_ult24h
2025-12-09,08:00,2025-12-09T07:00:00Z,6.9,AEMET_ult24h
2025-12-09,09:00,2025-12-09T08:00:00Z,6.6,AEMET_ult24h
2025-12-09,10:00,2025-12-09T09:00:00Z,9.3,AEMET_ult24h
2025-12-09,11:00,2025-12-09T10:00:00Z,11.8,AEMET_ult24h
2025-12-09,12:00,2025-12-09T11:00:00Z,12.4,AEMET_ult24h
2025-12-09,13:00,2025-12-09T12:00:00Z,12.3,AEMET_ult24h
2025-12-09,14:00,2025-12-09T13:00:00Z,13.5,AEMET_ult24h
2025-12-09,15:00,2025-12-09T14:00:00Z,13.4,AEMET_ult24h
2025-12-09,16:00,2025-12-09T15:00:00Z,13.3,AEMET_ult24h
2025-12-09,17:00,2025-12-09T16:00:00Z,12.4,AEMET_ult24h
2025-12-09,18:00,2025-12-09T17:00:00Z,13.0,AEMET_ult24h
2025-12-09,19:00,2025-12-09T18:00:00Z,13.0,AEMET_ult24h
2025-12-09,20:00,2025-12-09T19:00:00Z,12.4,AEMET_ult24h
2025-12-09,21:00,2025-12-09T20:00:00Z,10.8,AEMET_ult24h
2025-12-09,22:00,2025-12-09T21:00:00Z,10.3,AEMET_ult24h
2025-12-09,23:00,2025-12-09T22:00:00Z,9.7,AEMET_ult24h
2025-12-10,00:00,2025-12-09T23:00:00Z,10.2,AEMET_ult24h
2025-12-10,01:00,2025-12-10T00:00:00Z,10.8,AEMET_ult24h
2025-12-10,02:00,2025-12-10T01:00:00Z,10.7,AEMET_ult24h
2025-12-10,03:00,2025-12-10T02:00:00Z,10.7,AEMET_ult24h
2025-12-10,04:00,2025-12-10T03:00:00Z,10.4,AEMET_ult24h
2025-12-10,05:00,2025-12-10T04:00:00Z,10.1,AEMET_ult24h
2025-12-10,06:00,2025-12-10T05:00:00Z,10.5,AEMET_ult24h
2025-12-10,07:00,2025-12-10T06:00:00Z,10.0,AEMET_ult24h
2025-12-10,08:00,2025-12-10T07:00:00Z,9.6,AEMET_ult24h
2025-12-10,09:00,2025-12-10T08:00:00Z,9.6,AEMET_ult24h
2025-12-10,10:00,2025-12-10T09:00:00Z,9.7,AEMET_ult24h
2025-12-10,11:00,2025-12-10T10:00:00Z,9.9,AEMET_ult24h
2025-12-10,12:00,2025-12-10T11:00:00Z,10.1,AEMET_ult24h
2025-12-10,13:00,2025-12-10T12:00:00Z,10.0,AEMET_ult24h
2025-12-10,14:00,2025-12-10T13:00:00Z,10.7,AEMET_ult24h
2025-12-10,15:00,2025-12-10T14:00:00Z,10.9,AEMET_ult24h
2025-12-10,16:00,2025-12-10T15:00:00Z,10.9,AEMET_ult24h
2025-12-10,17:00,2025-12-10T16:00:00Z,10.5,AEMET_ult24h
2025-12-10,18:00,2025-12-10T17:00:00Z,9.7,AEMET_ult24h
2025-12-10,19:00,2025-12-10T18:00:00Z,9.2,AEMET_ult24h
2025-12-10,20:00,2025-12-10T19:00:00Z,9.1,AEMET_ult24h
2025-12-10,21:00,2025-12-10T20:00:00Z,9.0,AEMET_ult24h
2025-12-10,22:00,2025-12-10T21:00:00Z,9.2,AEMET_ult24h
2025-12-10,23:00,2025-12-10T22:00:00Z,9.1,AEMET_ult24h
2025-12-11,00:00,2025-12-10T23:00:00Z,9.1,AEMET_ult24h
2025-12-11,01:00,2025-12-11T00:00:00Z,8.8,AEMET_ult24h
2025-12-11,02:00,2025-12-11T01:00:00Z,8.7,AEMET_ult24h
2025-12-11,03:00,2025-12-11T02:00:00Z,8.3,AEMET_ult24h
2025-12-11,04:00,2025-12-11T03:00:00Z,8.2,AEMET_ult24h
2025-12-11,05:00,2025-12-11T04:00:00Z,8.2,AEMET_ult24h
2025-12-11,06:00,2025-12-11T05:00:00Z,8.1,AEMET_ult24h
2025-12-11,07:00,2025-12-11T06:00:00Z,7.7,AEMET_ult24h
2025-12-11,08:00,2025-12-11T07:00:00Z,7.8,AEMET_ult24h
2025-12-11,09:00,2025-12-11T08:00:00Z,7.8,AEMET_ult24h
2025-12-11,10:00,2025-12-11T09:00:00Z,9.5,AEMET_ult24h
2025-12-11,11:00,2025-12-11T10:00:00Z,11.2,AEMET_ult24h
2025-12-11,12:00,2025-12-11T11:00:00Z,12.5,AEMET_ult24h
2025-12-11,13:00,2025-12-11T12:00:00Z,12.4,AEMET_ult24h
2025-12-11,14:00,2025-12-11T13:00:00Z,12.4,AEMET_ult24h
2025-12-11,15:00,2025-12-11T14:00:00Z,13.4,AEMET_ult24h
2025-12-11,16:00,2025-12-11T15:00:00Z,13.0,AEMET_ult24h
2025-12-11,17:00,2025-12-11T16:00:00Z,11.5,AEMET_ult24h
2025-12-11,18:00,2025-12-11T17:00:00Z,8.7,AEMET_ult24h
2025-12-11,19:00,2025-12-11T18:00:00Z,6.9,AEMET_ult24h
2025-12-11,20:00,2025-12-11T19:00:00Z,6.3,AEMET_ult24h
2025-12-11,21:00,2025-12-11T20:00:00Z,7.2,AEMET_ult24h
2025-12-11,22:00,2025-12-11T21:00:00Z,6.9,AEMET_ult24h
2025-12-11,23:00,2025-12-11T22:00:00Z,6.3,AEMET_ult24h
2025-12-12,00:00,2025-12-11T23:00:00Z,5.5,AEMET_ult24h
2025-12-12,01:00,2025-12-12T00:00:00Z,7.3,AEMET_ult24h
2025-12-12,02:00,2025-12-12T01:00:00Z,7.6,AEMET_ult24h
2025-12-12,03:00,2025-12-12T02:00:00Z,6.6,AEMET_ult24h
2025-12-12,04:00,2025-12-12T03:00:00Z,6.7,AEMET_ult24h
2025-12-12,05:00,2025-12-12T04:00:00Z,6.8,AEMET_ult24h
2025-12-12,06:00,2025-12-12T05:00:00Z,5.3,AEMET_ult24h
2025-12-12,07:00,2025-12-12T06:00:00Z,5.1,AEMET_ult24h
2025-12-12,08:00,2025-12-12T07:00:00Z,5.5,AEMET_ult24h
2025-12-12,09:00,2025-12-12T08:00:00Z,4.6,AEMET_ult24h
2025-12-12,10:00,2025-12-12T09:00:00Z,6.7,AEMET_ult24h
2025-12-12,11:00,2025-12-12T10:00:00Z,8.7,AEMET_ult24h
2025-12-12,12:00,2025-12-12T11:00:00Z,9.6,AEMET_ult24h
2025-12-12,13:00,2025-12-12T12:00:00Z,10.7,AEMET_ult24h
2025-12-12,14:00,2025-12-12T13:00:00Z,10.8,AEMET_ult24h
2025-12-12,15:00,2025-12-12T14:00:00Z,10.9,AEMET_ult24h
2025-12-12,16:00,2025-12-12T15:00:00Z,10.8,AEMET_ult24h
2025-12-12,17:00,2025-12-12T16:00:00Z,10.3,AEMET_ult24h
2025-12-12,18:00,2025-12-12T17:00:00Z,9.8,AEMET_ult24h
2025-12-12,19:00,2025-12-12T18:00:00Z,8.7,AEMET_ult24h
2025-12-12,20:00,2025-12-12T19:00:00Z,6.5,AEMET_ult24h
2025-12-12,21:00,2025-12-12T20:00:00Z,6.3,AEMET_ult24h
2025-12-12,22:00,2025-12-12T21:00:00Z,6.0,AEMET_ult24h
2025-12-12,23:00,2025-12-12T22:00:00Z,5.4,AEMET_ult24h
2025-12-13,00:00,2025-12-12T23:00:00Z,5.1,AEMET_ult24h
2025-12-13,01:00,2025-12-13T00:00:00Z,5.3,AEMET_ult24h
2025-12-13,02:00,2025-12-13T01:00:00Z,5.4,AEMET_ult24h
2025-12-13,03:00,2025-12-13T02:00:00Z,6.3,AEMET_ult24h
2025-12-13,04:00,2025-12-13T03:00:00Z,6.5,AEMET_ult24h
2025-12-13,05:00,2025-12-13T04:00:00Z,6.9,AEMET_ult24h
2025-12-13,06:00,2025-12-13T05:00:00Z,6.7,AEMET_ult24h
2025-12-13,07:00,2025-12-13T06:00:00Z,5.2,AEMET_ult24h
2025-12-13,08:00,2025-12-13T07:00:00Z,4.8,AEMET_ult24h
2025-12-13,09:00,2025-12-13T08:00:00Z,3.0,AEMET_ult24h
2025-12-13,10:00,2025-12-13T09:00:00Z,6.0,AEMET_ult24h
2025-12-13,11:00,2025-12-13T10:00:00Z,8.7,AEMET_ult24h
2025-12-13,12:00,2025-12-13T11:00:00Z,10.4,AEMET_ult24h
2025-12-13,13:00,2025-12-13T12:00:00Z,12.0,AEMET_ult24h
2025-12-13,14:00,2025-12-13T13:00:00Z,12.5,AEMET_ult24h
2025-12-13,15:00,2025-12-13T14:00:00Z,13.5,AEMET_ult24h
2025-12-13,16:00,2025-12-13T15:00:00Z,12.3,AEMET_ult24h
2025-12-13,17:00,2025-12-13T16:00:00Z,11.0,AEMET_ult24h
2025-12-13,18:00,2025-12-13T17:00:00Z,8.1,AEMET_ult24h
2025-12-13,19:00,2025-12-13T18:00:00Z,6.2,AEMET_ult24h
2025-12-13,20:00,2025-12-13T19:00:00Z,4.4,AEMET_ult24h
2025-12-13,21:00,2025-12-13T20:00:00Z,3.5,AEMET_ult24h
2025-12-13,22:00,2025-12-13T21:00:00Z,2.6,AEMET_ult24h
2025-12-13,23:00,2025-12-13T22:00:00Z,1.6,AEMET_ult24h
2025-12-14,00:00,2025-12-13T23:00:00Z,0.8,AEMET_ult24h
2025-12-14,01:00,2025-12-14T00:00:00Z,-0.1,AEMET_ult24h
2025-12-14,02:00,2025-12-14T01:00:00Z,0.8,AEMET_ult24h
2025-12-14,03:00,2025-12-14T02:00:00Z,1.9,AEMET_ult24h
2025-12-14,04:00,2025-12-14T03:00:00Z,2.3,AEMET_ult24h
2025-12-14,05:00,2025-12-14T04:00:00Z,1.9,AEMET_ult24h
2025-12-14,06:00,2025-12-14T05:00:00Z,1.7,AEMET_ult24h
2025-12-14,07:00,2025-12-14T06:00:00Z,1.1,AEMET_ult24h
2025-12-14,08:00,2025-12-14T07:00:00Z,-0.1,AEMET_ult24h
2025-12-14,09:00,2025-12-14T08:00:00Z,-0.2,AEMET_ult24h
2025-12-14,10:00,2025-12-14T09:00:00Z,2.8,AEMET_ult24h
2025-12-14,11:00,2025-12-14T10:00:00Z,7.2,AEMET_ult24h
2025-12-14,12:00,2025-12-14T11:00:00Z,8.5,AEMET_ult24h
2025-12-14,13:00,2025-12-14T12:00:00Z,8.7,AEMET_ult24h
2025-12-14,14:00,2025-12-14T13:00:00Z,8.6,AEMET_ult24h
2025-12-14,15:00,2025-12-14T14:00:00Z,8.5,AEMET_ult24h
2025-12-14,16:00,2025-12-14T15:00:00Z,8.3,AEMET_ult24h
2025-12-14,17:00,2025-12-14T16:00:00Z,6.7,AEMET_ult24h
2025-12-14,18:00,2025-12-14T17:00:00Z,5.6,AEMET_ult24h
2025-12-14,19:00,2025-12-14T18:00:00Z,5.8,AEMET_ult24h
2025-12-14,20:00,2025-12-14T19:00:00Z,5.8,AEMET_ult24h
2025-12-14,21:00,2025-12-14T20:00:00Z,5.4,AEMET_ult24h
2025-12-14,22:00,2025-12-14T21:00:00Z,6.2,AEMET_ult24h
2025-12-14,23:00,2025-12-14T22:00:00Z,6.6,AEMET_ult24h
2025-12-15,00:00,2025-12-14T23:00:00Z,6.1,AEMET_ult24h
2025-12-15,01:00,2025-12-15T00:00:00Z,5.1,AEMET_ult24h
2025-12-15,02:00,2025-12-15T01:00:00Z,5.1,AEMET_ult24h
2025-12-15,03:00,2025-12-15T02:00:00Z,3.2,AEMET_ult24h
2025-12-15,04:00,2025-12-15T03:00:00Z,2.8,AEMET_ult24h
2025-12-15,05:00,2025-12-15T04:00:00Z,3.5,AEMET_ult24h
2025-12-15,06:00,2025-12-15T05:00:00Z,5.0,AEMET_ult24h
2025-12-15,07:00,2025-12-15T06:00:00Z,7.4,AEMET_ult24h
2025-12-15,08:00,2025-12-15T07:00:00Z,5.9,AEMET_ult24h
2025-12-15,09:00,2025-12-15T08:00:00Z,5.3,AEMET_ult24h
2025-12-15,10:00,2025-12-15T09:00:00Z,8.1,AEMET_ult24h
2025-12-15,11:00,2025-12-15T10:00:00Z,9.2,AEMET_ult24h
2025-12-15,12:00,2025-12-15T11:00:00Z,11.4,AEMET_ult24h
2025-12-15,13:00,2025-12-15T12:00:00Z,11.4,AEMET_ult24h
2025-12-15,14:00,2025-12-15T13:00:00Z,12.8,AEMET_ult24h
2025-12-15,15:00,2025-12-15T14:00:00Z,12.1,AEMET_ult24h
2025-12-15,16:00,2025-12-15T15:00:00Z,12.2,AEMET_ult24h
2025-12-15,17:00,2025-12-15T16:00:00Z,10.8,AEMET_ult24h
2025-12-15,18:00,2025-12-15T17:00:00Z,9.3,AEMET_ult24h
2025-12-15,19:00,2025-12-15T18:00:00Z,8.3,AEMET_ult24h
2025-12-15,20:00,2025-12-15T19:00:00Z,8.8,AEMET_ult24h
2025-12-15,21:00,2025-12-15T20:00:00Z,9.7,AEMET_ult24h
2025-12-15,22:00,2025-12-15T21:00:00Z,9.6,AEMET_ult24h
2025-12-15,23:00,2025-12-15T22:00:00Z,8.9,AEMET_ult24h
2025-12-16,00:00,2025-12-15T23:00:00Z,9.0,AEMET_ult24h
2025-12-16,01:00,2025-12-16T00:00:00Z,8.5,AEMET_ult24h
2025-12-16,02:00,2025-12-16T01:00:00Z,7.4,AEMET_ult24h
2025-12-16,03:00,2025-12-16T02:00:00Z,6.5,AEMET_ult24h
2025-12-16,04:00,2025-12-16T03:00:00Z,5.6,AEMET_ult24h
2025-12-16,05:00,2025-12-16T04:00:00Z,6.1,AEMET_ult24h
2025-12-16,06:00,2025-12-16T05:00:00Z,7.2,AEMET_ult24h
2025-12-16,07:00,2025-12-16T06:00:00Z,7.0,AEMET_ult24h
2025-12-16,08:00,2025-12-16T07:00:00Z,6.6,AEMET_ult24h
2025-12-16,09:00,2025-12-16T08:00:00Z,7.0,AEMET_ult24h
2025-12-16,10:00,2025-12-16T09:00:00Z,7.3,AEMET_ult24h
2025-12-16,11:00,2025-12-16T10:00:00Z,8.7,AEMET_ult24h
2025-12-16,12:00,2025-12-16T11:00:00Z,10.7,AEMET_ult24h
2025-12-16,13:00,2025-12-16T12:00:00Z,11.1,AEMET_ult24h
2025-12-16,14:00,2025-12-16T13:00:00Z,10.7,AEMET_ult24h
2025-12-16,15:00,2025-12-16T14:00:00Z,10.8,AEMET_ult24h
2025-12-16,16:00,2025-12-16T15:00:00Z,10.5,AEMET_ult24h
2025-12-16,17:00,2025-12-16T16:00:00Z,9.5,AEMET_ult24h
2025-12-16,18:00,2025-12-16T17:00:00Z,9.3,AEMET_ult24h
2025-12-16,19:00,2025-12-16T18:00:00Z,9.0,AEMET_ult24h
2025-12-16,20:00,2025-12-16T19:00:00Z,8.9,AEMET_ult24h
2025-12-16,21:00,2025-12-16T20:00:00Z,8.6,AEMET_ult24h
2025-12-16,22:00,2025-12-16T21:00:00Z,8.5,AEMET_ult24h
2025-12-16,23:00,2025-12-16T22:00:00Z,8.4,AEMET_ult24h
2025-12-17,00:00,2025-12-16T23:00:00Z,8.2,AEMET_ult24h
2025-12-17,01:00,2025-12-17T00:00:00Z,7.6,AEMET_ult24h
2025-12-17,02:00,2025-12-17T01:00:00Z,7.6,AEMET_ult24h
2025-12-17,03:00,2025-12-17T02:00:00Z,7.9,AEMET_ult24h
2025-12-17,04:00,2025-12-17T03:00:00Z,8.0,AEMET_ult24h
2025-12-17,05:00,2025-12-17T04:00:00Z,7.8,AEMET_ult24h
2025-12-17,06:00,2025-12-17T05:00:00Z,8.1,AEMET_ult24h
2025-12-17,07:00,2025-12-17T06:00:00Z,7.3,AEMET_ult24h
2025-12-17,08:00,2025-12-17T07:00:00Z,5.2,AEMET_ult24h
2025-12-17,09:00,2025-12-17T08:00:00Z,4.7,AEMET_ult24h
2025-12-17,10:00,2025-12-17T09:00:00Z,6.3,AEMET_ult24h
2025-12-17,11:00,2025-12-17T10:00:00Z,7.2,AEMET_ult24h
2025-12-17,12:00,2025-12-17T11:00:00Z,8.3,AEMET_ult24h
2025-12-17,13:00,2025-12-17T12:00:00Z,9.7,AEMET_ult24h
2025-12-17,14:00,2025-12-17T13:00:00Z,11.2,AEMET_ult24h
2025-12-17,15:00,2025-12-17T14:00:00Z,11.9,AEMET_ult24h
2025-12-17,16:00,2025-12-17T15:00:00Z,12.4,AEMET_ult24h
2025-12-17,17:00,2025-12-17T16:00:00Z,11.2,AEMET_ult24h
2025-12-17,18:00,2025-12-17T17:00:00Z,9.3,AEMET_ult24h
2025-12-17,19:00,2025-12-17T18:00:00Z,8.3,AEMET_ult24h
2025-12-17,20:00,2025-12-17T19:00:00Z,8.2,AEMET_ult24h
2025-12-17,21:00,2025-12-17T20:00:00Z,8.4,AEMET_ult24h
2025-12-17,22:00,2025-12-17T21:00:00Z,8.2,AEMET_ult24h
2025-12-17,23:00,2025-12-17T22:00:00Z,8.6,AEMET_ult24h
2025-12-18,00:00,2025-12-17T23:00:00Z,9.0,AEMET_ult24h
2025-12-18,01:00,2025-12-18T00:00:00Z,9.6,AEMET_ult24h
2025-12-18,02:00,2025-12-18T01:00:00Z,9.4,AEMET_ult24h
2025-12-18,03:00,2025-12-18T02:00:00Z,8.9,AEMET_ult24h
2025-12-18,04:00,2025-12-18T03:00:00Z,8.4,AEMET_ult24h
2025-12-18,05:00,2025-12-18T04:00:00Z,8.4,AEMET_ult24h
2025-12-18,06:00,2025-12-18T05:00:00Z,8.3,AEMET_ult24h
2025-12-18,07:00,2025-12-18T06:00:00Z,7.6,AEMET_ult24h
2025-12-18,08:00,2025-12-18T07:00:00Z,6.8,AEMET_ult24h
2025-12-18,09:00,2025-12-18T08:00:00Z,6.5,AEMET_ult24h
2025-12-18,10:00,2025-12-18T09:00:00Z,8.7,AEMET_ult24h
2025-12-18,11:00,2025-12-18T10:00:00Z,11.1,AEMET_ult24h
2025-12-18,12:00,2025-12-18T11:00:00Z,12.2,AEMET_ult24h
2025-12-18,13:00,2025-12-18T12:00:00Z,13.6,AEMET_ult24h
2025-12-18,14:00,2025-12-18T13:00:00Z,13.6,AEMET_ult24h
2025-12-18,15:00,2025-12-18T14:00:00Z,14.0,AEMET_ult24h
2025-12-18,16:00,2025-12-18T15:00:00Z,13.7,AEMET_ult24h
2025-12-18,17:00,2025-12-18T16:00:00Z,12.8,AEMET_ult24h
2025-12-18,18:00,2025-12-18T17:00:00Z,12.1,AEMET_ult24h
2025-12-18,19:00,2025-12-18T18:00:00Z,11.8,AEMET_ult24h
2025-12-18,20:00,2025-12-18T19:00:00Z,10.9,AEMET_ult24h
2025-12-18,21:00,2025-12-18T20:00:00Z,11.3,AEMET_ult24h
2025-12-18,22:00,2025-12-18T21:00:00Z,11.1,AEMET_ult24h
2025-12-18,23:00,2025-12-18T22:00:00Z,10.9,AEMET_ult24h
2025-12-19,00:00,2025-12-18T23:00:00Z,11.1,AEMET_ult24h
2025-12-19,01:00,2025-12-19T00:00:00Z,10.6,AEMET_ult24h
2025-12-19,02:00,2025-12-19T01:00:00Z,10.0,AEMET_ult24h
2025-12-19,03:00,2025-12-19T02:00:00Z,9.4,AEMET_ult24h
2025-12-19,04:00,2025-12-19T03:00:00Z,9.1,AEMET_ult24h
2025-12-19,05:00,2025-12-19T04:00:00Z,9.0,AEMET_ult24h
2025-12-19,06:00,2025-12-19T05:00:00Z,8.7,AEMET_ult24h
2025-12-19,07:00,2025-12-19T06:00:00Z,8.4,AEMET_ult24h
2025-12-19,08:00,2025-12-19T07:00:00Z,8.7,AEMET_ult24h
2025-12-19,09:00,2025-12-19T08:00:00Z,8.4,AEMET_ult24h
2025-12-19,10:00,2025-12-19T09:00:00Z,8.4,AEMET_ult24h
2025-12-19,11:00,2025-12-19T10:00:00Z,8.6,AEMET_ult24h
2025-12-19,12:00,2025-12-19T11:00:00Z,9.1,AEMET_ult24h
2025-12-19,13:00,2025-12-19T12:00:00Z,9.6,AEMET_ult24h
2025-12-19,14:00,2025-12-19T13:00:00Z,9.8,AEMET_ult24h
2025-12-19,15:00,2025-12-19T14:00:00Z,8.9,AEMET_ult24h
2025-12-19,16:00,2025-12-19T15:00:00Z,8.8,AEMET_ult24h
2025-12-19,17:00,2025-12-19T16:00:00Z,8.6,AEMET_ult24h
2025-12-19,18:00,2025-12-19T17:00:00Z,8.4,AEMET_ult24h
2025-12-19,19:00,2025-12-19T18:00:00Z,8.1,AEMET_ult24h
2025-12-19,20:00,2025-12-19T19:00:00Z,8.0,AEMET_ult24h
2025-12-19,21:00,2025-12-19T20:00:00Z,7.8,AEMET_ult24h
2025-12-19,22:00,2025-12-19T21:00:00Z,7.6,AEMET_ult24h
2025-12-19,23:00,2025-12-19T22:00:00Z,7.6,AEMET_ult24h
2025-12-20,00:00,2025-12-19T23:00:00Z,7.5,AEMET_ult24h
2025-12-20,01:00,2025-12-20T00:00:00Z,7.4,AEMET_ult24h
2025-12-20,02:00,2025-12-20T01:00:00Z,7.4,AEMET_ult24h
2025-12-20,03:00,2025-12-20T02:00:00Z,7.2,AEMET_ult24h
2025-12-20,04:00,2025-12-20T03:00:00Z,7.4,AEMET_ult24h
2025-12-20,05:00,2025-12-20T04:00:00Z,7.4,AEMET_ult24h
2025-12-20,06:00,2025-12-20T05:00:00Z,7.5,AEMET_ult24h
2025-12-20,07:00,2025-12-20T06:00:00Z,7.7,AEMET_ult24h
2025-12-20,08:00,2025-12-20T07:00:00Z,7.3,AEMET_ult24h
2025-12-20,09:00,2025-12-20T08:00:00Z,7.3,AEMET_ult24h
2025-12-20,10:00,2025-12-20T09:00:00Z,7.2,AEMET_ult24h
2025-12-20,11:00,2025-12-20T10:00:00Z,9.0,AEMET_ult24h
2025-12-20,12:00,2025-12-20T11:00:00Z,10.6,AEMET_ult24h
2025-12-20,13:00,2025-12-20T12:00:00Z,11.1,AEMET_ult24h
2025-12-20,14:00,2025-12-20T13:00:00Z,10.4,AEMET_ult24h
2025-12-20,15:00,2025-12-20T14:00:00Z,10.8,AEMET_ult24h
2025-12-20,16:00,2025-12-20T15:00:00Z,10.1,AEMET_ult24h
2025-12-20,17:00,2025-12-20T16:00:00Z,9.7,AEMET_ult24h
2025-12-20,18:00,2025-12-20T17:00:00Z,9.1,AEMET_ult24h
2025-12-20,19:00,2025-12-20T18:00:00Z,7.9,AEMET_ult24h
2025-12-20,20:00,2025-12-20T19:00:00Z,6.3,AEMET_ult24h
2025-12-20,21:00,2025-12-20T20:00:00Z,6.6,AEMET_ult24h
2025-12-20,22:00,2025-12-20T21:00:00Z,6.2,AEMET_ult24h
2025-12-20,23:00,2025-12-20T22:00:00Z,5.2,AEMET_ult24h
2025-12-21,00:00,2025-12-20T23:00:00Z,5.1,AEMET_ult24h
2025-12-21,01:00,2025-12-21T00:00:00Z,5.1,AEMET_ult24h
2025-12-21,02:00,2025-12-21T01:00:00Z,5.7,AEMET_ult24h
2025-12-21,03:00,2025-12-21T02:00:00Z,6.0,AEMET_ult24h
2025-12-21,04:00,2025-12-21T03:00:00Z,6.4,AEMET_ult24h
2025-12-21,05:00,2025-12-21T04:00:00Z,6.5,AEMET_ult24h
2025-12-21,06:00,2025-12-21T05:00:00Z,6.4,AEMET_ult24h
2025-12-21,07:00,2025-12-21T06:00:00Z,5.7,AEMET_ult24h
2025-12-21,08:00,2025-12-21T07:00:00Z,6.2,AEMET_ult24h
2025-12-21,09:00,2025-12-21T08:00:00Z,7.4,AEMET_ult24h
2025-12-21,10:00,2025-12-21T09:00:00Z,8.1,AEMET_ult24h
2025-12-21,11:00,2025-12-21T10:00:00Z,5.8,AEMET_ult24h
2025-12-21,12:00,2025-12-21T11:00:00Z,5.6,AEMET_ult24h
2025-12-21,13:00,2025-12-21T12:00:00Z,5.6,AEMET_ult24h
2025-12-21,14:00,2025-12-21T13:00:00Z,6.3,AEMET_ult24h
2025-12-21,15:00,2025-12-21T14:00:00Z,6.7,AEMET_ult24h
2025-12-21,16:00,2025-12-21T15:00:00Z,7.6,AEMET_ult24h
2025-12-21,17:00,2025-12-21T16:00:00Z,6.4,AEMET_ult24h
2025-12-21,18:00,2025-12-21T17:00:00Z,3.5,AEMET_ult24h
2025-12-21,19:00,2025-12-21T18:00:00Z,2.0,AEMET_ult24h
2025-12-21,20:00,2025-12-21T19:00:00Z,2.3,AEMET_ult24h
2025-12-21,21:00,2025-12-21T20:00:00Z,1.8,AEMET_ult24h
2025-12-21,22:00,2025-12-21T21:00:00Z,2.3,AEMET_ult24h
2025-12-21,23:00,2025-12-21T22:00:00Z,1.2,AEMET_ult24h
2025-12-22,00:00,2025-12-21T23:00:00Z,1.8,AEMET_ult24h
2025-12-22,01:00,2025-12-22T00:00:00Z,1.5,AEMET_ult24h
2025-12-22,02:00,2025-12-22T01:00:00Z,1.8,AEMET_ult24h
2025-12-22,03:00,2025-12-22T02:00:00Z,2.1,AEMET_ult24h
2025-12-22,04:00,2025-12-22T03:00:00Z,2.6,AEMET_ult24h
2025-12-22,05:00,2025-12-22T04:00:00Z,2.1,AEMET_ult24h
2025-12-22,06:00,2025-12-22T05:00:00Z,2.2,AEMET_ult24h
2025-12-22,07:00,2025-12-22T06:00:00Z,1.4,AEMET_ult24h
2025-12-22,08:00,2025-12-22T07:00:00Z,0.9,AEMET_ult24h
2025-12-22,09:00,2025-12-22T08:00:00Z,0.2,AEMET_ult24h
2025-12-22,10:00,2025-12-22T09:00:00Z,2.2,AEMET_ult24h
2025-12-22,11:00,2025-12-22T10:00:00Z,4.5,AEMET_ult24h
2025-12-22,12:00,2025-12-22T11:00:00Z,6.7,AEMET_ult24h
2025-12-22,13:00,2025-12-22T12:00:00Z,6.9,AEMET_ult24h
2025-12-22,14:00,2025-12-22T13:00:00Z,6.8,AEMET_ult24h
2025-12-22,15:00,2025-12-22T14:00:00Z,6.6,AEMET_ult24h
2025-12-22,16:00,2025-12-22T15:00:00Z,5.9,AEMET_ult24h
2025-12-22,17:00,2025-12-22T16:00:00Z,5.4,AEMET_ult24h
2025-12-22,18:00,2025-12-22T17:00:00Z,5.0,AEMET_ult24h
2025-12-22,19:00,2025-12-22T18:00:00Z,5.2,AEMET_ult24h
2025-12-22,20:00,2025-12-22T19:00:00Z,5.0,AEMET_ult24h
2025-12-22,21:00,2025-12-22T20:00:00Z,5.0,AEMET_ult24h
2025-12-22,22:00,2025-12-22T21:00:00Z,4.3,AEMET_ult24h
2025-12-22,23:00,2025-12-22T22:00:00Z,4.0,AEMET_ult24h
2025-12-23,00:00,2025-12-22T23:00:00Z,3.2,AEMET_ult24h
2025-12-23,01:00,2025-12-23T00:00:00Z,2.3,AEMET_ult24h
2025-12-23,02:00,2025-12-23T01:00:00Z,2.2,AEMET_ult24h
2025-12-23,03:00,2025-12-23T02:00:00Z,1.8,AEMET_ult24h
2025-12-23,04:00,2025-12-23T03:00:00Z,2.0,AEMET_ult24h
2025-12-23,05:00,2025-12-23T04:00:00Z,3.2,AEMET_ult24h
2025-12-23,06:00,2025-12-23T05:00:00Z,3.2,AEMET_ult24h
2025-12-23,07:00,2025-12-23T06:00:00Z,2.8,AEMET_ult24h
2025-12-23,08:00,2025-12-23T07:00:00Z,1.9,AEMET_ult24h
2025-12-23,09:00,2025-12-23T08:00:00Z,1.9,AEMET_ult24h
2025-12-23,10:00,2025-12-23T09:00:00Z,3.5,AEMET_ult24h
2025-12-23,11:00,2025-12-23T10:00:00Z,5.0,AEMET_ult24h
2025-12-23,12:00,2025-12-23T11:00:00Z,6.3,AEMET_ult24h
2025-12-23,13:00,2025-12-23T12:00:00Z,6.9,AEMET_ult24h
2025-12-23,14:00,2025-12-23T13:00:00Z,10.0,AEMET_ult24h
2025-12-23,15:00,2025-12-23T14:00:00Z,9.1,AEMET_ult24h
2025-12-23,16:00,2025-12-23T15:00:00Z,8.5,AEMET_ult24h
2025-12-23,17:00,2025-12-23T16:00:00Z,8.0,AEMET_ult24h
2025-12-23,18:00,2025-12-23T17:00:00Z,7.4,AEMET_ult24h
2025-12-23,19:00,2025-12-23T18:00:00Z,7.2,AEMET_ult24h
2025-12-23,20:00,2025-12-23T19:00:00Z,6.6,AEMET_ult24h
2025-12-23,21:00,2025-12-23T20:00:00Z,5.7,AEMET_ult24h
2025-12-23,22:00,2025-12-23T21:00:00Z,6.3,AEMET_ult24h
2025-12-23,23:00,2025-12-23T22:00:00Z,6.5,AEMET_ult24h
2025-12-24,00:00,2025-12-23T23:00:00Z,6.6,AEMET_ult24h
2025-12-24,01:00,2025-12-24T00:00:00Z,6.8,AEMET_ult24h
2025-12-24,02:00,2025-12-24T01:00:00Z,6.7,AEMET_ult24h
2025-12-24,03:00,2025-12-24T02:00:00Z,6.6,AEMET_ult24h
2025-12-24,04:00,2025-12-24T03:00:00Z,6.6,AEMET_ult24h
2025-12-24,05:00,2025-12-24T04:00:00Z,6.7,AEMET_ult24h
2025-12-24,06:00,2025-12-24T05:00:00Z,6.8,AEMET_ult24h
2025-12-24,07:00,2025-12-24T06:00:00Z,6.9,AEMET_ult24h
2025-12-24,08:00,2025-12-24T07:00:00Z,7.1,AEMET_ult24h
2025-12-24,10:00,2025-12-24T09:00:00Z,7.0,AEMET_ult24h
2025-12-24,11:00,2025-12-24T10:00:00Z,7.6,AEMET_ult24h
2025-12-24,12:00,2025-12-24T11:00:00Z,7.8,AEMET_ult24h
2025-12-24,13:00,2025-12-24T12:00:00Z,8.2,AEMET_ult24h
2025-12-24,14:00,2025-12-24T13:00:00Z,8.0,AEMET_ult24h
2025-12-24,15:00,2025-12-24T14:00:00Z,7.3,AEMET_ult24h
2025-12-24,16:00,2025-12-24T15:00:00Z,6.7,AEMET_ult24h
2025-12-24,17:00,2025-12-24T16:00:00Z,5.7,AEMET_ult24h
2025-12-24,18:00,2025-12-24T17:00:00Z,5.3,AEMET_ult24h
2025-12-24,19:00,2025-12-24T18:00:00Z,4.9,AEMET_ult24h
2025-12-24,20:00,2025-12-24T19:00:00Z,4.4,AEMET_ult24h
2025-12-24,21:00,2025-12-24T20:00:00Z,4.2,AEMET_ult24h
2025-12-24,22:00,2025-12-24T21:00:00Z,3.5,AEMET_ult24h
2025-12-24,23:00,2025-12-24T22:00:00Z,2.9,AEMET_ult24h
2025-12-25,00:00,2025-12-24T23:00:00Z,2.9,AEMET_ult24h
2025-12-25,01:00,2025-12-25T00:00:00Z,2.5,AEMET_ult24h
2025-12-25,02:00,2025-12-25T01:00:00Z,2.6,AEMET_ult24h
2025-12-25,03:00,2025-12-25T02:00:00Z,2.6,AEMET_ult24h
2025-12-25,04:00,2025-12-25T03:00:00Z,2.2,AEMET_ult24h
2025-12-25,05:00,2025-12-25T04:00:00Z,1.9,AEMET_ult24h
2025-12-25,06:00,2025-12-25T05:00:00Z,1.9,AEMET_ult24h
2025-12-25,07:00,2025-12-25T06:00:00Z,1.3,AEMET_ult24h
2025-12-25,08:00,2025-12-25T07:00:00Z,0.9,AEMET_ult24h
2025-12-25,09:00,2025-12-25T08:00:00Z,-0.1,AEMET_ult24h
2025-12-25,10:00,2025-12-25T09:00:00Z,1.7,AEMET_ult24h
2025-12-25,11:00,2025-12-25T10:00:00Z,3.6,AEMET_ult24h
2025-12-25,13:00,2025-12-25T12:00:00Z,5.7,AEMET_ult24h
2025-12-25,14:00,2025-12-25T13:00:00Z,4.3,AEMET_ult24h
2025-12-25,15:00,2025-12-25T14:00:00Z,4.4,AEMET_ult24h
2025-12-25,16:00,2025-12-25T15:00:00Z,5.0,AEMET_ult24h
2025-12-25,17:00,2025-12-25T16:00:00Z,4.7,AEMET_ult24h
2025-12-25,18:00,2025-12-25T17:00:00Z,2.3,AEMET_ult24h
2025-12-25,19:00,2025-12-25T18:00:00Z,1.0,AEMET_ult24h
2025-12-25,20:00,2025-12-25T19:00:00Z,-0.2,AEMET_ult24h
2025-12-25,21:00,2025-12-25T20:00:00Z,0.0,AEMET_ult24h
2025-12-25,22:00,2025-12-25T21:00:00Z,0.4,AEMET_ult24h
2025-12-25,23:00,2025-12-25T22:00:00Z,0.6,AEMET_ult24h
2025-12-26,00:00,2025-12-25T23:00:00Z,0.1,AEMET_ult24h
2025-12-26,01:00,2025-12-26T00:00:00Z,-0.1,AEMET_ult24h
2025-12-26,02:00,2025-12-26T01:00:00Z,-0.1,AEMET_ult24h
2025-12-26,03:00,2025-12-26T02:00:00Z,0.4,AEMET_ult24h
2025-12-26,04:00,2025-12-26T03:00:00Z,0.5,AEMET_ult24h
2025-12-26,05:00,2025-12-26T04:00:00Z,0.6,AEMET_ult24h
2025-12-26,06:00,2025-12-26T05:00:00Z,0.7,AEMET_ult24h
2025-12-26,07:00,2025-12-26T06:00:00Z,0.8,AEMET_ult24h
2025-12-26,08:00,2025-12-26T07:00:00Z,0.7,AEMET_ult24h
2025-12-26,09:00,2025-12-26T08:00:00Z,0.7,AEMET_ult24h
2025-12-26,10:00,2025-12-26T09:00:00Z,1.5,AEMET_ult24h
2025-12-26,11:00,2025-12-26T10:00:00Z,2.1,AEMET_ult24h
2025-12-26,12:00,2025-12-26T11:00:00Z,3.0,AEMET_ult24h
2025-12-26,13:00,2025-12-26T12:00:00Z,4.0,AEMET_ult24h
2025-12-26,14:00,2025-12-26T13:00:00Z,4.3,AEMET_ult24h
2025-12-26,15:00,2025-12-26T14:00:00Z,5.0,AEMET_ult24h
2025-12-26,16:00,2025-12-26T15:00:00Z,5.7,AEMET_ult24h
2025-12-26,17:00,2025-12-26T16:00:00Z,5.5,AEMET_ult24h
2025-12-26,18:00,2025-12-26T17:00:00Z,5.3,AEMET_ult24h
2025-12-26,19:00,2025-12-26T18:00:00Z,4.9,AEMET_ult24h
2025-12-26,20:00,2025-12-26T19:00:00Z,4.9,AEMET_ult24h
2025-12-26,21:00,2025-12-26T20:00:00Z,4.8,AEMET_ult24h
2025-12-26,22:00,2025-12-26T21:00:00Z,4.8,AEMET_ult24h
2025-12-26,23:00,2025-12-26T22:00:00Z,4.8,AEMET_ult24h
2025-12-27,00:00,2025-12-26T23:00:00Z,4.9,AEMET_ult24h
2025-12-27,01:00,2025-12-27T00:00:00Z,4.9,AEMET_ult24h
2025-12-27,02:00,2025-12-27T01:00:00Z,4.8,AEMET_ult24h
2025-12-27,03:00,2025-12-27T02:00:00Z,4.6,AEMET_ult24h
2025-12-27,04:00,2025-12-27T03:00:00Z,5.5,AEMET_ult24h
2025-12-27,05:00,2025-12-27T04:00:00Z,6.8,AEMET_ult24h
2025-12-27,06:00,2025-12-27T05:00:00Z,5.4,AEMET_ult24h
2025-12-27,07:00,2025-12-27T06:00:00Z,5.4,AEMET_ult24h
2025-12-27,08:00,2025-12-27T07:00:00Z,5.1,AEMET_ult24h
2025-12-27,09:00,2025-12-27T08:00:00Z,5.5,AEMET_ult24h
2025-12-27,10:00,2025-12-27T09:00:00Z,6.9,AEMET_ult24h
2025-12-27,11:00,2025-12-27T10:00:00Z,9.5,AEMET_ult24h
2025-12-27,12:00,2025-12-27T11:00:00Z,10.0,AEMET_ult24h
2025-12-27,13:00,2025-12-27T12:00:00Z,10.3,AEMET_ult24h
2025-12-27,14:00,2025-12-27T13:00:00Z,10.8,AEMET_ult24h
2025-12-27,15:00,2025-12-27T14:00:00Z,10.6,AEMET_ult24h
2025-12-27,16:00,2025-12-27T15:00:00Z,11.4,AEMET_ult24h
2025-12-27,17:00,2025-12-27T16:00:00Z,10.6,AEMET_ult24h
2025-12-27,18:00,2025-12-27T17:00:00Z,9.9,AEMET_ult24h
2025-12-27,19:00,2025-12-27T18:00:00Z,8.7,AEMET_ult24h
2025-12-27,20:00,2025-12-27T19:00:00Z,7.0,AEMET_ult24h
2025-12-27,21:00,2025-12-27T20:00:00Z,7.3,AEMET_ult24h
2025-12-27,22:00,2025-12-27T21:00:00Z,7.3,AEMET_ult24h
2025-12-27,23:00,2025-12-27T22:00:00Z,6.8,AEMET_ult24h
2025-12-28,00:00,2025-12-27T23:00:00Z,6.3,AEMET_ult24h
2025-12-28,01:00,2025-12-28T00:00:00Z,6.2,AEMET_ult24h
2025-12-28,02:00,2025-12-28T01:00:00Z,9.5,AEMET_ult24h
2025-12-28,03:00,2025-12-28T02:00:00Z,9.3,AEMET_ult24h
2025-12-28,04:00,2025-12-28T03:00:00Z,8.8,AEMET_ult24h
2025-12-28,05:00,2025-12-28T04:00:00Z,8.4,AEMET_ult24h
2025-12-28,06:00,2025-12-28T05:00:00Z,8.4,AEMET_ult24h
2025-12-28,07:00,2025-12-28T06:00:00Z,8.6,AEMET_ult24h
2025-12-28,08:00,2025-12-28T07:00:00Z,8.2,AEMET_ult24h
2025-12-28,09:00,2025-12-28T08:00:00Z,8.3,AEMET_ult24h
2025-12-28,10:00,2025-12-28T09:00:00Z,8.8,AEMET_ult24h
2025-12-28,11:00,2025-12-28T10:00:00Z,9.3,AEMET_ult24h
2025-12-28,12:00,2025-12-28T11:00:00Z,11.8,AEMET_ult24h
2025-12-28,15:00,2025-12-28T14:00:00Z,11.3,AEMET_ult24h
2025-12-28,16:00,2025-12-28T15:00:00Z,11.0,AEMET_ult24h
2025-12-28,17:00,2025-12-28T16:00:00Z,11.4,AEMET_ult24h
2025-12-28,18:00,2025-12-28T17:00:00Z,9.7,AEMET_ult24h
2025-12-28,19:00,2025-12-28T18:00:00Z,7.5,AEMET_ult24h
2025-12-28,20:00,2025-12-28T19:00:00Z,5.7,AEMET_ult24h
2025-12-28,21:00,2025-12-28T20:00:00Z,4.5,AEMET_ult24h
2025-12-28,22:00,2025-12-28T21:00:00Z,3.8,AEMET_ult24h
2025-12-28,23:00,2025-12-28T22:00:00Z,3.7,AEMET_ult24h
2025-12-29,00:00,2025-12-28T23:00:00Z,2.5,AEMET_ult24h
2025-12-29,01:00,2025-12-29T00:00:00Z,1.6,AEMET_ult24h
2025-12-29,02:00,2025-12-29T01:00:00Z,1.8,AEMET_ult24h
2025-12-29,03:00,2025-12-29T02:00:00Z,1.6,AEMET_ult24h
2025-12-29,04:00,2025-12-29T03:00:00Z,1.4,AEMET_ult24h
2025-12-29,05:00,2025-12-29T04:00:00Z,1.4,AEMET_ult24h
2025-12-29,06:00,2025-12-29T05:00:00Z,1.3,AEMET_ult24h
2025-12-29,07:00,2025-12-29T06:00:00Z,0.5,AEMET_ult24h
2025-12-29,08:00,2025-12-29T07:00:00Z,-0.2,AEMET_ult24h
2025-12-29,09:00,2025-12-29T08:00:00Z,-0.3,AEMET_ult24h
2025-12-29,10:00,2025-12-29T09:00:00Z,1.0,AEMET_ult24h
2025-12-29,11:00,2025-12-29T10:00:00Z,2.2,AEMET_ult24h
2025-12-29,14:00,2025-12-29T13:00:00Z,9.2,AEMET_ult24h
2025-12-29,15:00,2025-12-29T14:00:00Z,10.0,AEMET_ult24h
2025-12-29,16:00,2025-12-29T15:00:00Z,10.0,AEMET_ult24h
2025-12-29,17:00,2025-12-29T16:00:00Z,9.9,AEMET_ult24h
2025-12-29,18:00,2025-12-29T17:00:00Z,6.6,AEMET_ult24h
2025-12-29,19:00,2025-12-29T18:00:00Z,5.1,AEMET_ult24h
2025-12-29,20:00,2025-12-29T19:00:00Z,3.1,AEMET_ult24h
2025-12-29,21:00,2025-12-29T20:00:00Z,2.0,AEMET_ult24h
2025-12-29,22:00,2025-12-29T21:00:00Z,1.4,AEMET_ult24h
2025-12-29,23:00,2025-12-29T22:00:00Z,1.2,AEMET_ult24h
2025-12-30,00:00,2025-12-29T23:00:00Z,-0.1,AEMET_ult24h
2025-12-30,01:00,2025-12-30T00:00:00Z,1.8,AEMET_ult24h
2025-12-30,02:00,2025-12-30T01:00:00Z,2.5,AEMET_ult24h
2025-12-30,03:00,2025-12-30T02:00:00Z,2.6,AEMET_ult24h
2025-12-30,04:00,2025-12-30T03:00:00Z,1.7,AEMET_ult24h
2025-12-30,05:00,2025-12-30T04:00:00Z,1.4,AEMET_ult24h
2025-12-30,06:00,2025-12-30T05:00:00Z,1.4,AEMET_ult24h
2025-12-30,07:00,2025-12-30T06:00:00Z,1.9,AEMET_ult24h
2025-12-30,08:00,2025-12-30T07:00:00Z,2.0,AEMET_ult24h
2025-12-30,09:00,2025-12-30T08:00:00Z,2.1,AEMET_ult24h
2025-12-30,10:00,2025-12-30T09:00:00Z,2.8,AEMET_ult24h
2025-12-30,11:00,2025-12-30T10:00:00Z,3.7,AEMET_ult24h
2025-12-30,12:00,2025-12-30T11:00:00Z,4.3,AEMET_ult24h
2025-12-30,13:00,2025-12-30T12:00:00Z,5.6,AEMET_ult24h
2025-12-30,14:00,2025-12-30T13:00:00Z,6.8,AEMET_ult24h
2025-12-30,15:00,2025-12-30T14:00:00Z,7.7,AEMET_ult24h
2025-12-30,16:00,2025-12-30T15:00:00Z,8.2,AEMET_ult24h
2025-12-30,17:00,2025-12-30T16:00:00Z,8.2,AEMET_ult24h
2025-12-30,18:00,2025-12-30T17:00:00Z,7.5,AEMET_ult24h
2025-12-30,19:00,2025-12-30T18:00:00Z,7.2,AEMET_ult24h
2025-12-30,20:00,2025-12-30T19:00:00Z,7.0,AEMET_ult24h
2025-12-30,21:00,2025-12-30T20:00:00Z,6.8,AEMET_ult24h
2025-12-30,22:00,2025-12-30T21:00:00Z,6.6,AEMET_ult24h
2025-12-30,23:00,2025-12-30T22:00:00Z,6.2,AEMET_ult24h
2025-12-31,00:00,2025-12-30T23:00:00Z,6.1,AEMET_ult24h
2025-12-31,01:00,2025-12-31T00:00:00Z,6.0,AEMET_ult24h
2025-12-31,02:00,2025-12-31T01:00:00Z,5.7,AEMET_ult24h
2025-12-31,03:00,2025-12-31T02:00:00Z,5.5,AEMET_ult24h
2025-12-31,04:00,2025-12-31T03:00:00Z,5.6,AEMET_ult24h
2025-12-31,05:00,2025-12-31T04:00:00Z,5.4,AEMET_ult24h
2025-12-31,06:00,2025-12-31T05:00:00Z,4.8,AEMET_ult24h
2025-12-31,07:00,2025-12-31T06:00:00Z,5.0,AEMET_ult24h
2025-12-31,08:00,2025-12-31T07:00:00Z,4.5,AEMET_ult24h
2025-12-31,09:00,2025-12-31T08:00:00Z,4.3,AEMET_ult24h
2025-12-31,10:00,2025-12-31T09:00:00Z,4.6,AEMET_ult24h
2025-12-31,11:00,2025-12-31T10:00:00Z,5.3,AEMET_ult24h
2025-12-31,12:00,2025-12-31T11:00:00Z,5.5,AEMET_ult24h
2025-12-31,13:00,2025-12-31T12:00:00Z,6.1,AEMET_ult24h
2025-12-31,14:00,2025-12-31T13:00:00Z,6.0,AEMET_ult24h
2025-12-31,15:00,2025-12-31T14:00:00Z,5.8,AEMET_ult24h
2025-12-31,16:00,2025-12-31T15:00:00Z,5.8,AEMET_ult24h
2025-12-31,17:00,2025-12-31T16:00:00Z,5.3,AEMET_ult24h
2025-12-31,18:00,2025-12-31T17:00:00Z,4.5,AEMET_ult24h
2025-12-31,19:00,2025-12-31T18:00:00Z,4.0,AEMET_ult24h
2025-12-31,20:00,2025-12-31T19:00:00Z,3.4,AEMET_ult24h
2025-12-31,21:00,2025-12-31T20:00:00Z,2.3,AEMET_ult24h
2025-12-31,22:00,2025-12-31T21:00:00Z,1.6,AEMET_ult24h
2025-12-31,23:00,2025-12-31T22:00:00Z,-0.2,AEMET_ult24h
2026-01-01,00:00,2025-12-31T23:00:00Z,-1.2,AEMET_ult24h
2026-01-01,01:00,2026-01-01T00:00:00Z,-2.0,AEMET_ult24h
2026-01-01,02:00,2026-01-01T01:00:00Z,-0.3,AEMET_ult24h
2026-01-01,03:00,2026-01-01T02:00:00Z,0.2,AEMET_ult24h
2026-01-01,04:00,2026-01-01T03:00:00Z,0.2,AEMET_ult24h
2026-01-01,05:00,2026-01-01T04:00:00Z,-0.8,AEMET_ult24h
2026-01-01,06:00,2026-01-01T05:00:00Z,-0.8,AEMET_ult24h
2026-01-01,07:00,2026-01-01T06:00:00Z,-0.3,AEMET_ult24h
2026-01-01,08:00,2026-01-01T07:00:00Z,0.4,AEMET_ult24h
2026-01-01,09:00,2026-01-01T08:00:00Z,1.0,AEMET_ult24h
2026-01-01,10:00,2026-01-01T09:00:00Z,1.3,AEMET_ult24h
2026-01-01,11:00,2026-01-01T10:00:00Z,2.3,AEMET_ult24h
2026-01-01,12:00,2026-01-01T11:00:00Z,2.9,AEMET_ult24h
2026-01-01,13:00,2026-01-01T12:00:00Z,3.5,AEMET_ult24h
2026-01-01,14:00,2026-01-01T13:00:00Z,4.5,AEMET_ult24h
2026-01-01,15:00,2026-01-01T14:00:00Z,4.7,AEMET_ult24h
2026-01-01,16:00,2026-01-01T15:00:00Z,4.5,AEMET_ult24h
2026-01-01,17:00,2026-01-01T16:00:00Z,3.8,AEMET_ult24h
2026-01-01,18:00,2026-01-01T17:00:00Z,2.1,AEMET_ult24h
2026-01-01,19:00,2026-01-01T18:00:00Z,1.8,AEMET_ult24h
2026-01-01,20:00,2026-01-01T19:00:00Z,1.8,AEMET_ult24h
2026-01-01,21:00,2026-01-01T20:00:00Z,2.1,AEMET_ult24h
2026-01-01,22:00,2026-01-01T21:00:00Z,1.4,AEMET_ult24h
2026-01-01,23:00,2026-01-01T22:00:00Z,1.5,AEMET_ult24h
2026-01-02,00:00,2026-01-01T23:00:00Z,1.8,AEMET_ult24h
2026-01-02,01:00,2026-01-02T00:00:00Z,1.1,AEMET_ult24h
2026-01-02,06:00,2026-01-02T05:00:00Z,2.5,AEMET_ult24h
2026-01-02,07:00,2026-01-02T06:00:00Z,2.9,AEMET_ult24h
2026-01-02,08:00,2026-01-02T07:00:00Z,2.6,AEMET_ult24h
2026-01-02,09:00,2026-01-02T08:00:00Z,2.4,AEMET_ult24h
2026-01-02,10:00,2026-01-02T09:00:00Z,2.9,AEMET_ult24h
2026-01-02,11:00,2026-01-02T10:00:00Z,3.8,AEMET_ult24h
2026-01-02,12:00,2026-01-02T11:00:00Z,5.8,AEMET_ult24h
2026-01-02,13:00,2026-01-02T12:00:00Z,7.0,AEMET_ult24h
2026-01-02,14:00,2026-01-02T13:00:00Z,6.8,AEMET_ult24h
2026-01-02,15:00,2026-01-02T14:00:00Z,7.1,AEMET_ult24h
2026-01-02,16:00,2026-01-02T15:00:00Z,7.5,AEMET_ult24h
2026-01-02,17:00,2026-01-02T16:00:00Z,7.4,AEMET_ult24h
2026-01-02,18:00,2026-01-02T17:00:00Z,6.8,AEMET_ult24h
2026-01-02,19:00,2026-01-02T18:00:00Z,6.4,AEMET_ult24h
2026-01-02,20:00,2026-01-02T19:00:00Z,6.2,AEMET_ult24h
2026-01-02,21:00,2026-01-02T20:00:00Z,6.0,AEMET_ult24h
2026-01-02,22:00,2026-01-02T21:00:00Z,5.9,AEMET_ult24h
2026-01-02,23:00,2026-01-02T22:00:00Z,5.7,AEMET_ult24h
2026-01-03,00:00,2026-01-02T23:00:00Z,5.6,AEMET_ult24h
2026-01-03,01:00,2026-01-03T00:00:00Z,5.4,AEMET_ult24h
2026-01-03,02:00,2026-01-03T01:00:00Z,5.4,AEMET_ult24h
2026-01-03,03:00,2026-01-03T02:00:00Z,5.3,AEMET_ult24h
2026-01-03,04:00,2026-01-03T03:00:00Z,5.1,AEMET_ult24h
2026-01-03,05:00,2026-01-03T04:00:00Z,4.9,AEMET_ult24h
2026-01-03,06:00,2026-01-03T05:00:00Z,5.1,AEMET_ult24h
2026-01-03,07:00,2026-01-03T06:00:00Z,5.1,AEMET_ult24h
2026-01-03,08:00,2026-01-03T07:00:00Z,5.3,AEMET_ult24h
2026-01-03,09:00,2026-01-03T08:00:00Z,5.4,AEMET_ult24h
2026-01-03,10:00,2026-01-03T09:00:00Z,5.8,AEMET_ult24h
2026-01-03,11:00,2026-01-03T10:00:00Z,5.6,AEMET_ult24h
2026-01-03,12:00,2026-01-03T11:00:00Z,5.8,AEMET_ult24h
2026-01-03,13:00,2026-01-03T12:00:00Z,5.6,AEMET_ult24h
2026-01-03,14:00,2026-01-03T13:00:00Z,4.9,AEMET_ult24h
2026-01-03,15:00,2026-01-03T14:00:00Z,4.7,AEMET_ult24h
2026-01-03,16:00,2026-01-03T15:00:00Z,3.9,AEMET_ult24h
2026-01-03,17:00,2026-01-03T16:00:00Z,3.5,AEMET_ult24h
2026-01-03,18:00,2026-01-03T17:00:00Z,2.9,AEMET_ult24h
2026-01-03,19:00,2026-01-03T18:00:00Z,2.7,AEMET_ult24h
2026-01-03,20:00,2026-01-03T19:00:00Z,2.5,AEMET_ult24h
2026-01-03,21:00,2026-01-03T20:00:00Z,1.9,AEMET_ult24h
2026-01-03,22:00,2026-01-03T21:00:00Z,1.8,AEMET_ult24h
2026-01-03,23:00,2026-01-03T22:00:00Z,2.0,AEMET_ult24h
2026-01-04,00:00,2026-01-03T23:00:00Z,1.5,AEMET_ult24h
2026-01-04,01:00,2026-01-04T00:00:00Z,1.8,AEMET_ult24h
2026-01-04,02:00,2026-01-04T01:00:00Z,1.8,AEMET_ult24h
2026-01-04,03:00,2026-01-04T02:00:00Z,1.7,AEMET_ult24h
2026-01-04,04:00,2026-01-04T03:00:00Z,1.3,AEMET_ult24h
2026-01-04,05:00,2026-01-04T04:00:00Z,1.1,AEMET_ult24h
2026-01-04,06:00,2026-01-04T05:00:00Z,0.7,AEMET_ult24h
2026-01-04,07:00,2026-01-04T06:00:00Z,0.4,AEMET_ult24h
2026-01-04,08:00,2026-01-04T07:00:00Z,0.4,AEMET_ult24h
2026-01-04,09:00,2026-01-04T08:00:00Z,0.3,AEMET_ult24h
2026-01-04,10:00,2026-01-04T09:00:00Z,0.5,AEMET_ult24h
2026-01-04,11:00,2026-01-04T10:00:00Z,2.0,AEMET_ult24h
2026-01-04,12:00,2026-01-04T11:00:00Z,1.9,AEMET_ult24h
2026-01-04,13:00,2026-01-04T12:00:00Z,1.9,AEMET_ult24h
2026-01-04,14:00,2026-01-04T13:00:00Z,1.9,AEMET_ult24h
2026-01-04,15:00,2026-01-04T14:00:00Z,1.7,AEMET_ult24h
2026-01-04,16:00,2026-01-04T15:00:00Z,1.7,AEMET_ult24h
2026-01-04,17:00,2026-01-04T16:00:00Z,1.1,AEMET_ult24h
2026-01-04,18:00,2026-01-04T17:00:00Z,0.4,AEMET_ult24h
2026-01-04,19:00,2026-01-04T18:00:00Z,-0.1,AEMET_ult24h
2026-01-04,20:00,2026-01-04T19:00:00Z,-1.3,AEMET_ult24h
2026-01-04,21:00,2026-01-04T20:00:00Z,-2.1,AEMET_ult24h
2026-01-04,22:00,2026-01-04T21:00:00Z,-2.5,AEMET_ult24h
2026-01-04,23:00,2026-01-04T22:00:00Z,-3.4,AEMET_ult24h
2026-01-05,00:00,2026-01-04T23:00:00Z,-1.9,AEMET_ult24h
2026-01-05,01:00,2026-01-05T00:00:00Z,-1.6,AEMET_ult24h
2026-01-05,02:00,2026-01-05T01:00:00Z,-0.9,AEMET_ult24h
2026-01-05,03:00,2026-01-05T02:00:00Z,-0.3,AEMET_ult24h
2026-01-05,04:00,2026-01-05T03:00:00Z,-0.5,AEMET_ult24h
2026-01-05,05:00,2026-01-05T04:00:00Z,-0.7,AEMET_ult24h
2026-01-05,06:00,2026-01-05T05:00:00Z,-0.5,AEMET_ult24h
2026-01-05,07:00,2026-01-05T06:00:00Z,-0.4,AEMET_ult24h
2026-01-05,08:00,2026-01-05T07:00:00Z,-0.3,AEMET_ult24h
2026-01-05,09:00,2026-01-05T08:00:00Z,0.0,AEMET_ult24h
2026-01-05,10:00,2026-01-05T09:00:00Z,1.3,AEMET_ult24h
2026-01-05,11:00,2026-01-05T10:00:00Z,2.5,AEMET_ult24h
2026-01-05,12:00,2026-01-05T11:00:00Z,3.6,AEMET_ult24h
2026-01-05,13:00,2026-01-05T12:00:00Z,4.0,AEMET_ult24h
2026-01-05,14:00,2026-01-05T13:00:00Z,4.1,AEMET_ult24h
2026-01-05,15:00,2026-01-05T14:00:00Z,3.5,AEMET_ult24h
2026-01-05,16:00,2026-01-05T15:00:00Z,3.5,AEMET_ult24h
2026-01-05,17:00,2026-01-05T16:00:00Z,2.5,AEMET_ult24h
2026-01-05,18:00,2026-01-05T17:00:00Z,1.4,AEMET_ult24h
2026-01-05,19:00,2026-01-05T18:00:00Z,0.0,AEMET_ult24h
2026-01-05,20:00,2026-01-05T19:00:00Z,-1.4,AEMET_ult24h
2026-01-05,21:00,2026-01-05T20:00:00Z,-2.7,AEMET_ult24h
2026-01-05,22:00,2026-01-05T21:00:00Z,-3.1,AEMET_ult24h
2026-01-05,23:00,2026-01-05T22:00:00Z,-3.9,AEMET_ult24h
2026-01-06,00:00,2026-01-05T23:00:00Z,-4.3,AEMET_ult24h
2026-01-06,01:00,2026-01-06T00:00:00Z,-4.6,AEMET_ult24h
2026-01-06,02:00,2026-01-06T01:00:00Z,-3.2,AEMET_ult24h
2026-01-06,03:00,2026-01-06T02:00:00Z,-2.4,AEMET_ult24h
2026-01-06,04:00,2026-01-06T03:00:00Z,-1.0,AEMET_ult24h
2026-01-06,05:00,2026-01-06T04:00:00Z,1.0,AEMET_ult24h
2026-01-06,06:00,2026-01-06T05:00:00Z,0.3,AEMET_ult24h
2026-01-06,07:00,2026-01-06T06:00:00Z,-0.9,AEMET_ult24h
2026-01-06,08:00,2026-01-06T07:00:00Z,-0.4,AEMET_ult24h
2026-01-06,09:00,2026-01-06T08:00:00Z,0.3,AEMET_ult24h
2026-01-06,10:00,2026-01-06T09:00:00Z,0.3,AEMET_ult24h
2026-01-06,11:00,2026-01-06T10:00:00Z,0.4,AEMET_ult24h
2026-01-06,12:00,2026-01-06T11:00:00Z,0.5,AEMET_ult24h
2026-01-06,13:00,2026-01-06T12:00:00Z,0.7,AEMET_ult24h
2026-01-06,14:00,2026-01-06T13:00:00Z,0.6,AEMET_ult24h
2026-01-06,15:00,2026-01-06T14:00:00Z,0.8,AEMET_ult24h
2026-01-06,16:00,2026-01-06T15:00:00Z,1.6,AEMET_ult24h
2026-01-06,17:00,2026-01-06T16:00:00Z,2.6,AEMET_ult24h
2026-01-06,18:00,2026-01-06T17:00:00Z,0.6,AEMET_ult24h
2026-01-06,19:00,2026-01-06T18:00:00Z,-1.3,AEMET_ult24h
2026-01-06,20:00,2026-01-06T19:00:00Z,-2.5,AEMET_ult24h
2026-01-06,21:00,2026-01-06T20:00:00Z,-2.5,AEMET_ult24h
2026-01-06,22:00,2026-01-06T21:00:00Z,-3.0,AEMET_ult24h
2026-01-06,23:00,2026-01-06T22:00:00Z,-3.9,AEMET_ult24h
2026-01-07,00:00,2026-01-06T23:00:00Z,-3.4,AEMET_ult24h
2026-01-07,01:00,2026-01-07T00:00:00Z,-3.3,AEMET_ult24h
2026-01-07,02:00,2026-01-07T01:00:00Z,-3.3,AEMET_ult24h
2026-01-07,03:00,2026-01-07T02:00:00Z,-3.4,AEMET_ult24h
2026-01-07,04:00,2026-01-07T03:00:00Z,-3.5,AEMET_ult24h
2026-01-07,05:00,2026-01-07T04:00:00Z,-6.0,AEMET_ult24h
2026-01-07,06:00,2026-01-07T05:00:00Z,-7.6,AEMET_ult24h
2026-01-07,07:00,2026-01-07T06:00:00Z,-5.7,AEMET_ult24h
2026-01-07,08:00,2026-01-07T07:00:00Z,-4.4,AEMET_ult24h
2026-01-07,09:00,2026-01-07T08:00:00Z,-3.9,AEMET_ult24h
2026-01-07,10:00,2026-01-07T09:00:00Z,-2.6,AEMET_ult24h
2026-01-07,11:00,2026-01-07T10:00:00Z,-1.1,AEMET_ult24h
2026-01-07,12:00,2026-01-07T11:00:00Z,0.9,AEMET_ult24h
2026-01-07,13:00,2026-01-07T12:00:00Z,2.7,AEMET_ult24h
2026-01-07,14:00,2026-01-07T13:00:00Z,2.9,AEMET_ult24h
2026-01-07,15:00,2026-01-07T14:00:00Z,3.3,AEMET_ult24h
2026-01-07,16:00,2026-01-07T15:00:00Z,2.4,AEMET_ult24h
2026-01-07,17:00,2026-01-07T16:00:00Z,2.8,AEMET_ult24h
2026-01-07,18:00,2026-01-07T17:00:00Z,3.3,AEMET_ult24h
2026-01-07,19:00,2026-01-07T18:00:00Z,3.1,AEMET_ult24h
2026-01-07,20:00,2026-01-07T19:00:00Z,3.5,AEMET_ult24h
2026-01-07,21:00,2026-01-07T20:00:00Z,3.8,AEMET_ult24h
2026-01-07,22:00,2026-01-07T21:00:00Z,4.1,AEMET_ult24h
2026-01-07,23:00,2026-01-07T22:00:00Z,4.4,AEMET_ult24h
2026-01-08,00:00,2026-01-07T23:00:00Z,4.2,AEMET_ult24h
2026-01-08,01:00,2026-01-08T00:00:00Z,2.9,AEMET_ult24h
2026-01-08,02:00,2026-01-08T01:00:00Z,4.8,AEMET_ult24h
2026-01-08,03:00,2026-01-08T02:00:00Z,4.0,AEMET_ult24h
2026-01-08,04:00,2026-01-08T03:00:00Z,5.2,AEMET_ult24h
2026-01-08,05:00,2026-01-08T04:00:00Z,4.6,AEMET_ult24h
2026-01-08,06:00,2026-01-08T05:00:00Z,2.7,AEMET_ult24h
2026-01-08,07:00,2026-01-08T06:00:00Z,2.1,AEMET_ult24h
2026-01-08,08:00,2026-01-08T07:00:00Z,1.6,AEMET_ult24h
2026-01-08,09:00,2026-01-08T08:00:00Z,0.9,AEMET_ult24h
2026-01-08,10:00,2026-01-08T09:00:00Z,2.4,AEMET_ult24h
2026-01-08,11:00,2026-01-08T10:00:00Z,6.8,AEMET_ult24h
2026-01-08,12:00,2026-01-08T11:00:00Z,8.2,AEMET_ult24h
2026-01-08,13:00,2026-01-08T12:00:00Z,10.0,AEMET_ult24h
2026-01-08,14:00,2026-01-08T13:00:00Z,9.6,AEMET_ult24h
2026-01-08,15:00,2026-01-08T14:00:00Z,8.6,AEMET_ult24h
2026-01-08,16:00,2026-01-08T15:00:00Z,7.9,AEMET_ult24h
2026-01-08,17:00,2026-01-08T16:00:00Z,8.0,AEMET_ult24h
2026-01-08,18:00,2026-01-08T17:00:00Z,8.2,AEMET_ult24h
2026-01-08,19:00,2026-01-08T18:00:00Z,8.9,AEMET_ult24h
2026-01-08,20:00,2026-01-08T19:00:00Z,9.4,AEMET_ult24h
2026-01-08,21:00,2026-01-08T20:00:00Z,9.7,AEMET_ult24h
2026-01-08,22:00,2026-01-08T21:00:00Z,10.5,AEMET_ult24h
2026-01-08,23:00,2026-01-08T22:00:00Z,11.0,AEMET_ult24h
2026-01-09,00:00,2026-01-08T23:00:00Z,11.4,AEMET_ult24h
2026-01-09,01:00,2026-01-09T00:00:00Z,10.1,AEMET_ult24h
2026-01-09,02:00,2026-01-09T01:00:00Z,10.5,AEMET_ult24h
2026-01-09,03:00,2026-01-09T02:00:00Z,9.0,AEMET_ult24h
2026-01-09,04:00,2026-01-09T03:00:00Z,8.3,AEMET_ult24h
2026-01-09,05:00,2026-01-09T04:00:00Z,7.9,AEMET_ult24h
2026-01-09,06:00,2026-01-09T05:00:00Z,7.3,AEMET_ult24h
2026-01-09,07:00,2026-01-09T06:00:00Z,6.6,AEMET_ult24h
2026-01-09,08:00,2026-01-09T07:00:00Z,6.1,AEMET_ult24h
2026-01-09,09:00,2026-01-09T08:00:00Z,6.2,AEMET_ult24h
2026-01-09,10:00,2026-01-09T09:00:00Z,7.2,AEMET_ult24h
2026-01-09,11:00,2026-01-09T10:00:00Z,9.1,AEMET_ult24h
2026-01-09,12:00,2026-01-09T11:00:00Z,9.3,AEMET_ult24h
2026-01-09,13:00,2026-01-09T12:00:00Z,7.1,AEMET_ult24h
2026-01-09,14:00,2026-01-09T13:00:00Z,5.1,AEMET_ult24h
2026-01-09,15:00,2026-01-09T14:00:00Z,8.4,AEMET_ult24h
2026-01-09,16:00,2026-01-09T15:00:00Z,7.0,AEMET_ult24h
2026-01-09,17:00,2026-01-09T16:00:00Z,5.0,AEMET_ult24h
2026-01-09,18:00,2026-01-09T17:00:00Z,4.0,AEMET_ult24h
2026-01-09,19:00,2026-01-09T18:00:00Z,3.4,AEMET_ult24h
2026-01-09,20:00,2026-01-09T19:00:00Z,4.1,AEMET_ult24h
2026-01-09,21:00,2026-01-09T20:00:00Z,3.2,AEMET_ult24h
2026-01-09,22:00,2026-01-09T21:00:00Z,3.2,AEMET_ult24h
2026-01-09,23:00,2026-01-09T22:00:00Z,3.0,AEMET_ult24h
2026-01-10,00:00,2026-01-09T23:00:00Z,2.5,AEMET_ult24h
2026-01-10,01:00,2026-01-10T00:00:00Z,2.5,AEMET_ult24h
2026-01-10,02:00,2026-01-10T01:00:00Z,3.0,AEMET_ult24h
2026-01-10,03:00,2026-01-10T02:00:00Z,3.4,AEMET_ult24h
2026-01-10,04:00,2026-01-10T03:00:00Z,3.4,AEMET_ult24h
2026-01-10,05:00,2026-01-10T04:00:00Z,3.4,AEMET_ult24h
2026-01-10,06:00,2026-01-10T05:00:00Z,3.1,AEMET_ult24h
2026-01-10,07:00,2026-01-10T06:00:00Z,2.8,AEMET_ult24h
2026-01-10,08:00,2026-01-10T07:00:00Z,2.8,AEMET_ult24h
2026-01-10,09:00,2026-01-10T08:00:00Z,3.3,AEMET_ult24h
2026-01-10,10:00,2026-01-10T09:00:00Z,3.9,AEMET_ult24h
2026-01-10,11:00,2026-01-10T10:00:00Z,4.4,AEMET_ult24h
2026-01-10,12:00,2026-01-10T11:00:00Z,5.3,AEMET_ult24h
2026-01-10,13:00,2026-01-10T12:00:00Z,6.1,AEMET_ult24h
2026-01-10,14:00,2026-01-10T13:00:00Z,7.7,AEMET_ult24h
2026-01-10,15:00,2026-01-10T14:00:00Z,7.5,AEMET_ult24h
2026-01-10,16:00,2026-01-10T15:00:00Z,7.7,AEMET_ult24h
2026-01-10,17:00,2026-01-10T16:00:00Z,6.6,AEMET_ult24h
2026-01-10,18:00,2026-01-10T17:00:00Z,5.1,AEMET_ult24h
2026-01-10,19:00,2026-01-10T18:00:00Z,4.2,AEMET_ult24h
2026-01-10,20:00,2026-01-10T19:00:00Z,3.5,AEMET_ult24h
2026-01-10,21:00,2026-01-10T20:00:00Z,3.4,AEMET_ult24h
2026-01-10,22:00,2026-01-10T21:00:00Z,3.1,AEMET_ult24h
2026-01-10,23:00,2026-01-10T22:00:00Z,2.6,AEMET_ult24h
2026-01-11,00:00,2026-01-10T23:00:00Z,2.1,AEMET_ult24h
2026-01-11,01:00,2026-01-11T00:00:00Z,1.2,AEMET_ult24h
2026-01-11,02:00,2026-01-11T01:00:00Z,0.3,AEMET_ult24h
2026-01-11,03:00,2026-01-11T02:00:00Z,-1.0,AEMET_ult24h
2026-01-11,04:00,2026-01-11T03:00:00Z,-0.9,AEMET_ult24h
2026-01-11,05:00,2026-01-11T04:00:00Z,-2.6,AEMET_ult24h
2026-01-11,06:00,2026-01-11T05:00:00Z,-2.4,AEMET_ult24h
2026-01-11,07:00,2026-01-11T06:00:00Z,-2.0,AEMET_ult24h
2026-01-11,08:00,2026-01-11T07:00:00Z,-1.9,AEMET_ult24h
2026-01-11,09:00,2026-01-11T08:00:00Z,-0.8,AEMET_ult24h
2026-01-11,10:00,2026-01-11T09:00:00Z,0.7,AEMET_ult24h
2026-01-11,11:00,2026-01-11T10:00:00Z,4.2,AEMET_ult24h
2026-01-11,12:00,2026-01-11T11:00:00Z,7.9,AEMET_ult24h
2026-01-11,13:00,2026-01-11T12:00:00Z,9.9,AEMET_ult24h
2026-01-11,14:00,2026-01-11T13:00:00Z,11.0,AEMET_ult24h
2026-01-11,15:00,2026-01-11T14:00:00Z,10.9,AEMET_ult24h
2026-01-11,16:00,2026-01-11T15:00:00Z,10.0,AEMET_ult24h
2026-01-11,17:00,2026-01-11T16:00:00Z,8.8,AEMET_ult24h
2026-01-11,18:00,2026-01-11T17:00:00Z,8.9,AEMET_ult24h
2026-01-11,19:00,2026-01-11T18:00:00Z,8.8,AEMET_ult24h
2026-01-11,20:00,2026-01-11T19:00:00Z,8.8,AEMET_ult24h
2026-01-11,21:00,2026-01-11T20:00:00Z,8.7,AEMET_ult24h
2026-01-11,22:00,2026-01-11T21:00:00Z,10.2,AEMET_ult24h
2026-01-11,23:00,2026-01-11T22:00:00Z,10.3,AEMET_ult24h
2026-01-12,00:00,2026-01-11T23:00:00Z,10.8,AEMET_ult24h
2026-01-12,01:00,2026-01-12T00:00:00Z,10.5,AEMET_ult24h
2026-01-12,02:00,2026-01-12T01:00:00Z,10.1,AEMET_ult24h
2026-01-12,03:00,2026-01-12T02:00:00Z,10.6,AEMET_ult24h
2026-01-12,04:00,2026-01-12T03:00:00Z,10.1,AEMET_ult24h
2026-01-12,05:00,2026-01-12T04:00:00Z,9.8,AEMET_ult24h
2026-01-12,06:00,2026-01-12T05:00:00Z,9.2,AEMET_ult24h
2026-01-12,07:00,2026-01-12T06:00:00Z,10.1,AEMET_ult24h
2026-01-12,08:00,2026-01-12T07:00:00Z,9.8,AEMET_ult24h
2026-01-12,09:00,2026-01-12T08:00:00Z,8.8,AEMET_ult24h
2026-01-12,10:00,2026-01-12T09:00:00Z,8.7,AEMET_ult24h
2026-01-12,11:00,2026-01-12T10:00:00Z,9.5,AEMET_ult24h
2026-01-12,12:00,2026-01-12T11:00:00Z,9.7,AEMET_ult24h
2026-01-12,13:00,2026-01-12T12:00:00Z,9.7,AEMET_ult24h
2026-01-12,14:00,2026-01-12T13:00:00Z,9.6,AEMET_ult24h
2026-01-12,15:00,2026-01-12T14:00:00Z,8.2,AEMET_ult24h
2026-01-12,16:00,2026-01-12T15:00:00Z,10.9,AEMET_ult24h
2026-01-12,17:00,2026-01-12T16:00:00Z,11.3,AEMET_ult24h
2026-01-12,18:00,2026-01-12T17:00:00Z,9.6,AEMET_ult24h
2026-01-12,19:00,2026-01-12T18:00:00Z,9.3,AEMET_ult24h
2026-01-12,20:00,2026-01-12T19:00:00Z,8.3,AEMET_ult24h
2026-01-12,21:00,2026-01-12T20:00:00Z,8.1,AEMET_ult24h
2026-01-12,22:00,2026-01-12T21:00:00Z,7.1,AEMET_ult24h
2026-01-12,23:00,2026-01-12T22:00:00Z,7.5,AEMET_ult24h
2026-01-13,00:00,2026-01-12T23:00:00Z,8.1,AEMET_ult24h
2026-01-13,01:00,2026-01-13T00:00:00Z,6.9,AEMET_ult24h
2026-01-13,02:00,2026-01-13T01:00:00Z,5.1,AEMET_ult24h
2026-01-13,03:00,2026-01-13T02:00:00Z,4.8,AEMET_ult24h
2026-01-13,04:00,2026-01-13T03:00:00Z,2.8,AEMET_ult24h
2026-01-13,05:00,2026-01-13T04:00:00Z,5.1,AEMET_ult24h
2026-01-13,06:00,2026-01-13T05:00:00Z,3.1,AEMET_ult24h
2026-01-13,07:00,2026-01-13T06:00:00Z,3.3,AEMET_ult24h
2026-01-13,08:00,2026-01-13T07:00:00Z,2.8,AEMET_ult24h
2026-01-13,09:00,2026-01-13T08:00:00Z,2.5,AEMET_ult24h
2026-01-13,10:00,2026-01-13T09:00:00Z,3.4,AEMET_ult24h
2026-01-13,11:00,2026-01-13T10:00:00Z,7.5,AEMET_ult24h
2026-01-13,12:00,2026-01-13T11:00:00Z,11.1,AEMET_ult24h
2026-01-13,13:00,2026-01-13T12:00:00Z,11.7,AEMET_ult24h
2026-01-13,14:00,2026-01-13T13:00:00Z,13.4,AEMET_ult24h
2026-01-13,15:00,2026-01-13T14:00:00Z,12.6,AEMET_ult24h
2026-01-13,16:00,2026-01-13T15:00:00Z,12.9,AEMET_ult24h
2026-01-13,17:00,2026-01-13T16:00:00Z,12.5,AEMET_ult24h
2026-01-13,18:00,2026-01-13T17:00:00Z,11.8,AEMET_ult24h
2026-01-13,19:00,2026-01-13T18:00:00Z,11.9,AEMET_ult24h
2026-01-13,20:00,2026-01-13T19:00:00Z,11.7,AEMET_ult24h
2026-01-13,21:00,2026-01-13T20:00:00Z,10.4,AEMET_ult24h
2026-01-13,22:00,2026-01-13T21:00:00Z,9.2,AEMET_ult24h
2026-01-13,23:00,2026-01-13T22:00:00Z,8.2,AEMET_ult24h
2026-01-14,00:00,2026-01-13T23:00:00Z,8.1,AEMET_ult24h
2026-01-14,01:00,2026-01-14T00:00:00Z,7.2,AEMET_ult24h
2026-01-14,02:00,2026-01-14T01:00:00Z,4.9,AEMET_ult24h
2026-01-14,03:00,2026-01-14T02:00:00Z,4.5,AEMET_ult24h
2026-01-14,04:00,2026-01-14T03:00:00Z,4.2,AEMET_ult24h
2026-01-14,05:00,2026-01-14T04:00:00Z,4.9,AEMET_ult24h
2026-01-14,06:00,2026-01-14T05:00:00Z,4.6,AEMET_ult24h
2026-01-14,07:00,2026-01-14T06:00:00Z,4.7,AEMET_ult24h
2026-01-14,08:00,2026-01-14T07:00:00Z,6.5,AEMET_ult24h
2026-01-14,09:00,2026-01-14T08:00:00Z,6.8,AEMET_ult24h
2026-01-14,10:00,2026-01-14T09:00:00Z,8.5,AEMET_ult24h
2026-01-14,11:00,2026-01-14T10:00:00Z,8.8,AEMET_ult24h
2026-01-14,12:00,2026-01-14T11:00:00Z,11.4,AEMET_ult24h
2026-01-14,13:00,2026-01-14T12:00:00Z,13.2,AEMET_ult24h
2026-01-14,14:00,2026-01-14T13:00:00Z,14.0,AEMET_ult24h
2026-01-14,15:00,2026-01-14T14:00:00Z,13.7,AEMET_ult24h
2026-01-14,16:00,2026-01-14T15:00:00Z,14.0,AEMET_ult24h
2026-01-14,17:00,2026-01-14T16:00:00Z,11.7,AEMET_ult24h
2026-01-14,18:00,2026-01-14T17:00:00Z,10.8,AEMET_ult24h
2026-01-14,19:00,2026-01-14T18:00:00Z,10.2,AEMET_ult24h
2026-01-14,20:00,2026-01-14T19:00:00Z,9.7,AEMET_ult24h
2026-01-14,21:00,2026-01-14T20:00:00Z,8.3,AEMET_ult24h
2026-01-14,22:00,2026-01-14T21:00:00Z,7.3,AEMET_ult24h
2026-01-14,23:00,2026-01-14T22:00:00Z,5.1,AEMET_ult24h
2026-01-15,00:00,2026-01-14T23:00:00Z,3.5,AEMET_ult24h
2026-01-15,01:00,2026-01-15T00:00:00Z,3.1,AEMET_ult24h
2026-01-15,02:00,2026-01-15T01:00:00Z,2.4,AEMET_ult24h
2026-01-15,03:00,2026-01-15T02:00:00Z,1.5,AEMET_ult24h
2026-01-15,04:00,2026-01-15T03:00:00Z,3.3,AEMET_ult24h
2026-01-15,05:00,2026-01-15T04:00:00Z,6.7,AEMET_ult24h
2026-01-15,06:00,2026-01-15T05:00:00Z,7.5,AEMET_ult24h
2026-01-15,07:00,2026-01-15T06:00:00Z,8.0,AEMET_ult24h
2026-01-15,08:00,2026-01-15T07:00:00Z,8.1,AEMET_ult24h
2026-01-15,09:00,2026-01-15T08:00:00Z,7.9,AEMET_ult24h
2026-01-15,10:00,2026-01-15T09:00:00Z,9.9,AEMET_ult24h
2026-01-15,11:00,2026-01-15T10:00:00Z,9.9,AEMET_ult24h
2026-01-15,12:00,2026-01-15T11:00:00Z,10.6,AEMET_ult24h
2026-01-15,13:00,2026-01-15T12:00:00Z,10.1,AEMET_ult24h
2026-01-15,14:00,2026-01-15T13:00:00Z,9.8,AEMET_ult24h
2026-01-15,15:00,2026-01-15T14:00:00Z,9.8,AEMET_ult24h
2026-01-15,16:00,2026-01-15T15:00:00Z,9.9,AEMET_ult24h
2026-01-15,17:00,2026-01-15T16:00:00Z,9.4,AEMET_ult24h
2026-01-15,18:00,2026-01-15T17:00:00Z,9.2,AEMET_ult24h
2026-01-15,19:00,2026-01-15T18:00:00Z,8.5,AEMET_ult24h
2026-01-15,20:00,2026-01-15T19:00:00Z,8.0,AEMET_ult24h
2026-01-15,21:00,2026-01-15T20:00:00Z,7.5,AEMET_ult24h
2026-01-15,22:00,2026-01-15T21:00:00Z,7.1,AEMET_ult24h
2026-01-15,23:00,2026-01-15T22:00:00Z,6.6,AEMET_ult24h
2026-01-16,00:00,2026-01-15T23:00:00Z,5.7,AEMET_ult24h
2026-01-16,01:00,2026-01-16T00:00:00Z,6.2,AEMET_ult24h
2026-01-16,02:00,2026-01-16T01:00:00Z,6.0,AEMET_ult24h
2026-01-16,03:00,2026-01-16T02:00:00Z,5.8,AEMET_ult24h
2026-01-16,04:00,2026-01-16T03:00:00Z,5.9,AEMET_ult24h
2026-01-16,05:00,2026-01-16T04:00:00Z,5.6,AEMET_ult24h
2026-01-16,06:00,2026-01-16T05:00:00Z,5.5,AEMET_ult24h
2026-01-16,07:00,2026-01-16T06:00:00Z,5.7,AEMET_ult24h
2026-01-16,08:00,2026-01-16T07:00:00Z,6.0,AEMET_ult24h
2026-01-16,09:00,2026-01-16T08:00:00Z,5.9,AEMET_ult24h
2026-01-16,10:00,2026-01-16T09:00:00Z,6.4,AEMET_ult24h
2026-01-16,11:00,2026-01-16T10:00:00Z,7.5,AEMET_ult24h
2026-01-16,12:00,2026-01-16T11:00:00Z,8.7,AEMET_ult24h
2026-01-16,13:00,2026-01-16T12:00:00Z,9.0,AEMET_ult24h
2026-01-16,14:00,2026-01-16T13:00:00Z,10.0,AEMET_ult24h
2026-01-16,15:00,2026-01-16T14:00:00Z,9.0,AEMET_ult24h
2026-01-16,16:00,2026-01-16T15:00:00Z,8.8,AEMET_ult24h
2026-01-16,17:00,2026-01-16T16:00:00Z,9.0,AEMET_ult24h
2026-01-16,18:00,2026-01-16T17:00:00Z,7.0,AEMET_ult24h
2026-01-16,19:00,2026-01-16T18:00:00Z,5.8,AEMET_ult24h
2026-01-16,20:00,2026-01-16T19:00:00Z,5.3,AEMET_ult24h
2026-01-16,21:00,2026-01-16T20:00:00Z,5.3,AEMET_ult24h
2026-01-16,22:00,2026-01-16T21:00:00Z,4.3,AEMET_ult24h
2026-01-16,23:00,2026-01-16T22:00:00Z,3.7,AEMET_ult24h
2026-01-17,00:00,2026-01-16T23:00:00Z,3.0,AEMET_ult24h
2026-01-17,01:00,2026-01-17T00:00:00Z,1.6,AEMET_ult24h
2026-01-17,02:00,2026-01-17T01:00:00Z,1.9,AEMET_ult24h
2026-01-17,03:00,2026-01-17T02:00:00Z,2.1,AEMET_ult24h
2026-01-17,04:00,2026-01-17T03:00:00Z,2.1,AEMET_ult24h
2026-01-17,05:00,2026-01-17T04:00:00Z,1.9,AEMET_ult24h
2026-01-17,06:00,2026-01-17T05:00:00Z,2.6,AEMET_ult24h
2026-01-17,07:00,2026-01-17T06:00:00Z,2.8,AEMET_ult24h
2026-01-17,08:00,2026-01-17T07:00:00Z,2.6,AEMET_ult24h
2026-01-17,09:00,2026-01-17T08:00:00Z,3.0,AEMET_ult24h
2026-01-17,10:00,2026-01-17T09:00:00Z,4.0,AEMET_ult24h
2026-01-17,11:00,2026-01-17T10:00:00Z,4.6,AEMET_ult24h
2026-01-17,12:00,2026-01-17T11:00:00Z,5.2,AEMET_ult24h
2026-01-17,13:00,2026-01-17T12:00:00Z,5.8,AEMET_ult24h
2026-01-17,14:00,2026-01-17T13:00:00Z,6.2,AEMET_ult24h
2026-01-17,15:00,2026-01-17T14:00:00Z,6.3,AEMET_ult24h
2026-01-17,16:00,2026-01-17T15:00:00Z,6.0,AEMET_ult24h
2026-01-17,17:00,2026-01-17T16:00:00Z,5.4,AEMET_ult24h
2026-01-17,18:00,2026-01-17T17:00:00Z,5.0,AEMET_ult24h
2026-01-17,19:00,2026-01-17T18:00:00Z,4.6,AEMET_ult24h
2026-01-17,20:00,2026-01-17T19:00:00Z,4.3,AEMET_ult24h
2026-01-17,21:00,2026-01-17T20:00:00Z,4.2,AEMET_ult24h
2026-01-17,22:00,2026-01-17T21:00:00Z,4.1,AEMET_ult24h
2026-01-17,23:00,2026-01-17T22:00:00Z,4.3,AEMET_ult24h
2026-01-18,00:00,2026-01-17T23:00:00Z,4.4,AEMET_ult24h
2026-01-18,01:00,2026-01-18T00:00:00Z,4.5,AEMET_ult24h
2026-01-18,02:00,2026-01-18T01:00:00Z,4.5,AEMET_ult24h
2026-01-18,03:00,2026-01-18T02:00:00Z,4.5,AEMET_ult24h
2026-01-18,04:00,2026-01-18T03:00:00Z,4.6,AEMET_ult24h
2026-01-18,05:00,2026-01-18T04:00:00Z,4.6,AEMET_ult24h
2026-01-18,06:00,2026-01-18T05:00:00Z,4.7,AEMET_ult24h
2026-01-18,07:00,2026-01-18T06:00:00Z,4.7,AEMET_ult24h
2026-01-18,08:00,2026-01-18T07:00:00Z,4.7,AEMET_ult24h
2026-01-18,09:00,2026-01-18T08:00:00Z,4.9,AEMET_ult24h
2026-01-18,10:00,2026-01-18T09:00:00Z,5.2,AEMET_ult24h
2026-01-18,11:00,2026-01-18T10:00:00Z,5.7,AEMET_ult24h
2026-01-18,12:00,2026-01-18T11:00:00Z,6.3,AEMET_ult24h
2026-01-18,13:00,2026-01-18T12:00:00Z,6.6,AEMET_ult24h
2026-01-18,14:00,2026-01-18T13:00:00Z,7.5,AEMET_ult24h
2026-01-18,15:00,2026-01-18T14:00:00Z,7.9,AEMET_ult24h
2026-01-18,16:00,2026-01-18T15:00:00Z,7.9,AEMET_ult24h
2026-01-18,17:00,2026-01-18T16:00:00Z,7.9,AEMET_ult24h
2026-01-18,18:00,2026-01-18T17:00:00Z,7.5,AEMET_ult24h
2026-01-18,19:00,2026-01-18T18:00:00Z,7.1,AEMET_ult24h
2026-01-18,20:00,2026-01-18T19:00:00Z,7.0,AEMET_ult24h
2026-01-18,21:00,2026-01-18T20:00:00Z,6.9,AEMET_ult24h
2026-01-18,22:00,2026-01-18T21:00:00Z,6.7,AEMET_ult24h
2026-01-18,23:00,2026-01-18T22:00:00Z,6.3,AEMET_ult24h
2026-01-19,00:00,2026-01-18T23:00:00Z,6.8,AEMET_ult24h
2026-01-19,01:00,2026-01-19T00:00:00Z,6.5,AEMET_ult24h
2026-01-19,02:00,2026-01-19T01:00:00Z,6.2,AEMET_ult24h
2026-01-19,03:00,2026-01-19T02:00:00Z,5.8,AEMET_ult24h
2026-01-19,04:00,2026-01-19T03:00:00Z,5.3,AEMET_ult24h
2026-01-19,05:00,2026-01-19T04:00:00Z,4.2,AEMET_ult24h
2026-01-19,06:00,2026-01-19T05:00:00Z,4.1,AEMET_ult24h
2026-01-19,07:00,2026-01-19T06:00:00Z,3.9,AEMET_ult24h
2026-01-19,08:00,2026-01-19T07:00:00Z,3.9,AEMET_ult24h
2026-01-19,09:00,2026-01-19T08:00:00Z,3.4,AEMET_ult24h
2026-01-19,10:00,2026-01-19T09:00:00Z,4.7,AEMET_ult24h
2026-01-19,11:00,2026-01-19T10:00:00Z,5.9,AEMET_ult24h
2026-01-19,12:00,2026-01-19T11:00:00Z,7.3,AEMET_ult24h
2026-01-19,13:00,2026-01-19T12:00:00Z,8.7,AEMET_ult24h
2026-01-19,14:00,2026-01-19T13:00:00Z,8.9,AEMET_ult24h
2026-01-19,15:00,2026-01-19T14:00:00Z,8.9,AEMET_ult24h
2026-01-19,16:00,2026-01-19T15:00:00Z,9.9,AEMET_ult24h
2026-01-19,17:00,2026-01-19T16:00:00Z,9.5,AEMET_ult24h
2026-01-19,18:00,2026-01-19T17:00:00Z,8.0,AEMET_ult24h
2026-01-19,19:00,2026-01-19T18:00:00Z,7.1,AEMET_ult24h
2026-01-19,20:00,2026-01-19T19:00:00Z,6.3,AEMET_ult24h
2026-01-19,21:00,2026-01-19T20:00:00Z,5.7,AEMET_ult24h
2026-01-19,22:00,2026-01-19T21:00:00Z,6.3,AEMET_ult24h
2026-01-19,23:00,2026-01-19T22:00:00Z,5.2,AEMET_ult24h
2026-01-20,00:00,2026-01-19T23:00:00Z,4.2,AEMET_ult24h
2026-01-20,01:00,2026-01-20T00:00:00Z,2.2,AEMET_ult24h
2026-01-20,02:00,2026-01-20T01:00:00Z,0.6,AEMET_ult24h
2026-01-20,03:00,2026-01-20T02:00:00Z,-0.1,AEMET_ult24h
2026-01-20,04:00,2026-01-20T03:00:00Z,-1.4,AEMET_ult24h
2026-01-20,05:00,2026-01-20T04:00:00Z,-1.5,AEMET_ult24h
2026-01-20,06:00,2026-01-20T05:00:00Z,-1.6,AEMET_ult24h
2026-01-20,07:00,2026-01-20T06:00:00Z,-2.3,AEMET_ult24h
2026-01-20,08:00,2026-01-20T07:00:00Z,-2.0,AEMET_ult24h
2026-01-20,09:00,2026-01-20T08:00:00Z,-0.7,AEMET_ult24h
2026-01-20,10:00,2026-01-20T09:00:00Z,0.3,AEMET_ult24h
2026-01-20,11:00,2026-01-20T10:00:00Z,1.9,AEMET_ult24h
2026-01-20,12:00,2026-01-20T11:00:00Z,4.6,AEMET_ult24h
2026-01-20,13:00,2026-01-20T12:00:00Z,7.2,AEMET_ult24h
2026-01-20,14:00,2026-01-20T13:00:00Z,8.8,AEMET_ult24h
2026-01-20,15:00,2026-01-20T14:00:00Z,9.5,AEMET_ult24h
2026-01-20,16:00,2026-01-20T15:00:00Z,8.1,AEMET_ult24h
2026-01-20,17:00,2026-01-20T16:00:00Z,6.0,AEMET_ult24h
2026-01-20,18:00,2026-01-20T17:00:00Z,5.3,AEMET_ult24h
2026-01-20,19:00,2026-01-20T18:00:00Z,5.2,AEMET_ult24h
2026-01-20,20:00,2026-01-20T19:00:00Z,5.5,AEMET_ult24h
2026-01-20,21:00,2026-01-20T20:00:00Z,5.5,AEMET_ult24h
2026-01-20,22:00,2026-01-20T21:00:00Z,5.5,AEMET_ult24h
2026-01-20,23:00,2026-01-20T22:00:00Z,5.5,AEMET_ult24h
2026-01-21,00:00,2026-01-20T23:00:00Z,6.1,AEMET_ult24h
2026-01-21,01:00,2026-01-21T00:00:00Z,6.6,AEMET_ult24h
2026-01-21,02:00,2026-01-21T01:00:00Z,6.9,AEMET_ult24h
2026-01-21,03:00,2026-01-21T02:00:00Z,7.2,AEMET_ult24h
2026-01-21,04:00,2026-01-21T03:00:00Z,6.1,AEMET_ult24h
2026-01-21,05:00,2026-01-21T04:00:00Z,6.1,AEMET_ult24h
2026-01-21,06:00,2026-01-21T05:00:00Z,6.3,AEMET_ult24h
2026-01-21,07:00,2026-01-21T06:00:00Z,5.6,AEMET_ult24h
2026-01-21,08:00,2026-01-21T07:00:00Z,5.6,AEMET_ult24h
2026-01-21,09:00,2026-01-21T08:00:00Z,6.7,AEMET_ult24h
2026-01-21,10:00,2026-01-21T09:00:00Z,7.9,AEMET_ult24h
2026-01-21,11:00,2026-01-21T10:00:00Z,8.0,AEMET_ult24h
2026-01-21,12:00,2026-01-21T11:00:00Z,7.1,AEMET_ult24h
2026-01-21,13:00,2026-01-21T12:00:00Z,7.6,AEMET_ult24h
2026-01-21,14:00,2026-01-21T13:00:00Z,7.6,AEMET_ult24h
2026-01-21,15:00,2026-01-21T14:00:00Z,8.5,AEMET_ult24h
2026-01-21,16:00,2026-01-21T15:00:00Z,8.4,AEMET_ult24h
2026-01-21,17:00,2026-01-21T16:00:00Z,9.3,AEMET_ult24h
2026-01-21,18:00,2026-01-21T17:00:00Z,8.3,AEMET_ult24h
2026-01-21,19:00,2026-01-21T18:00:00Z,8.2,AEMET_ult24h
2026-01-21,20:00,2026-01-21T19:00:00Z,6.3,AEMET_ult24h
2026-01-21,21:00,2026-01-21T20:00:00Z,7.6,AEMET_ult24h
2026-01-21,22:00,2026-01-21T21:00:00Z,6.3,AEMET_ult24h
2026-01-21,23:00,2026-01-21T22:00:00Z,5.5,AEMET_ult24h
2026-01-22,00:00,2026-01-21T23:00:00Z,5.8,AEMET_ult24h
2026-01-22,01:00,2026-01-22T00:00:00Z,4.9,AEMET_ult24h
2026-01-22,02:00,2026-01-22T01:00:00Z,3.3,AEMET_ult24h
2026-01-22,03:00,2026-01-22T02:00:00Z,3.3,AEMET_ult24h
2026-01-22,04:00,2026-01-22T03:00:00Z,3.8,AEMET_ult24h
2026-01-22,05:00,2026-01-22T04:00:00Z,4.8,AEMET_ult24h
2026-01-22,06:00,2026-01-22T05:00:00Z,4.9,AEMET_ult24h
2026-01-22,07:00,2026-01-22T06:00:00Z,4.6,AEMET_ult24h
2026-01-22,08:00,2026-01-22T07:00:00Z,3.9,AEMET_ult24h
2026-01-22,09:00,2026-01-22T08:00:00Z,3.9,AEMET_ult24h
2026-01-22,10:00,2026-01-22T09:00:00Z,4.6,AEMET_ult24h
2026-01-22,11:00,2026-01-22T10:00:00Z,6.9,AEMET_ult24h
2026-01-22,12:00,2026-01-22T11:00:00Z,8.1,AEMET_ult24h
2026-01-22,13:00,2026-01-22T12:00:00Z,9.1,AEMET_ult24h
2026-01-22,14:00,2026-01-22T13:00:00Z,10.1,AEMET_ult24h
2026-01-22,15:00,2026-01-22T14:00:00Z,9.8,AEMET_ult24h
2026-01-22,16:00,2026-01-22T15:00:00Z,10.7,AEMET_ult24h
2026-01-22,17:00,2026-01-22T16:00:00Z,9.0,AEMET_ult24h
2026-01-22,18:00,2026-01-22T17:00:00Z,8.1,AEMET_ult24h
2026-01-22,19:00,2026-01-22T18:00:00Z,7.7,AEMET_ult24h
2026-01-22,20:00,2026-01-22T19:00:00Z,7.5,AEMET_ult24h
2026-01-22,21:00,2026-01-22T20:00:00Z,7.5,AEMET_ult24h
2026-01-22,22:00,2026-01-22T21:00:00Z,7.7,AEMET_ult24h
2026-01-22,23:00,2026-01-22T22:00:00Z,8.2,AEMET_ult24h
2026-01-23,00:00,2026-01-22T23:00:00Z,7.7,AEMET_ult24h
2026-01-23,01:00,2026-01-23T00:00:00Z,9.2,AEMET_ult24h
2026-01-23,02:00,2026-01-23T01:00:00Z,8.8,AEMET_ult24h
2026-01-23,03:00,2026-01-23T02:00:00Z,9.0,AEMET_ult24h
2026-01-23,04:00,2026-01-23T03:00:00Z,9.0,AEMET_ult24h
2026-01-23,05:00,2026-01-23T04:00:00Z,7.7,AEMET_ult24h
2026-01-23,06:00,2026-01-23T05:00:00Z,6.4,AEMET_ult24h
2026-01-23,07:00,2026-01-23T06:00:00Z,5.7,AEMET_ult24h
2026-01-23,08:00,2026-01-23T07:00:00Z,5.3,AEMET_ult24h
2026-01-23,09:00,2026-01-23T08:00:00Z,5.3,AEMET_ult24h
2026-01-23,10:00,2026-01-23T09:00:00Z,5.4,AEMET_ult24h
2026-01-23,11:00,2026-01-23T10:00:00Z,6.8,AEMET_ult24h
2026-01-23,12:00,2026-01-23T11:00:00Z,7.5,AEMET_ult24h
2026-01-23,13:00,2026-01-23T12:00:00Z,8.5,AEMET_ult24h
2026-01-23,14:00,2026-01-23T13:00:00Z,8.8,AEMET_ult24h
2026-01-23,15:00,2026-01-23T14:00:00Z,8.9,AEMET_ult24h
2026-01-23,16:00,2026-01-23T15:00:00Z,6.8,AEMET_ult24h
2026-01-23,17:00,2026-01-23T16:00:00Z,5.3,AEMET_ult24h
2026-01-23,18:00,2026-01-23T17:00:00Z,3.7,AEMET_ult24h
2026-01-23,19:00,2026-01-23T18:00:00Z,3.5,AEMET_ult24h
2026-01-23,20:00,2026-01-23T19:00:00Z,3.5,AEMET_ult24h
2026-01-23,21:00,2026-01-23T20:00:00Z,3.8,AEMET_ult24h
2026-01-23,22:00,2026-01-23T21:00:00Z,4.0,AEMET_ult24h
2026-01-23,23:00,2026-01-23T22:00:00Z,3.9,AEMET_ult24h
2026-01-24,00:00,2026-01-23T23:00:00Z,3.1,AEMET_ult24h
2026-01-24,01:00,2026-01-24T00:00:00Z,2.8,AEMET_ult24h
2026-01-24,02:00,2026-01-24T01:00:00Z,3.5,AEMET_ult24h
2026-01-24,03:00,2026-01-24T02:00:00Z,3.7,AEMET_ult24h
2026-01-24,04:00,2026-01-24T03:00:00Z,2.5,AEMET_ult24h
2026-01-24,05:00,2026-01-24T04:00:00Z,2.3,AEMET_ult24h
2026-01-24,06:00,2026-01-24T05:00:00Z,1.6,AEMET_ult24h
2026-01-24,07:00,2026-01-24T06:00:00Z,0.9,AEMET_ult24h
2026-01-24,08:00,2026-01-24T07:00:00Z,0.7,AEMET_ult24h
2026-01-24,09:00,2026-01-24T08:00:00Z,0.4,AEMET_ult24h
2026-01-24,10:00,2026-01-24T09:00:00Z,2.6,AEMET_ult24h
2026-01-24,11:00,2026-01-24T10:00:00Z,4.9,AEMET_ult24h
2026-01-24,12:00,2026-01-24T11:00:00Z,5.9,AEMET_ult24h
2026-01-24,13:00,2026-01-24T12:00:00Z,6.8,AEMET_ult24h
2026-01-24,14:00,2026-01-24T13:00:00Z,7.2,AEMET_ult24h
2026-01-24,15:00,2026-01-24T14:00:00Z,7.2,AEMET_ult24h
2026-01-24,16:00,2026-01-24T15:00:00Z,7.3,AEMET_ult24h
2026-01-24,17:00,2026-01-24T16:00:00Z,7.2,AEMET_ult24h
2026-01-24,18:00,2026-01-24T17:00:00Z,5.3,AEMET_ult24h
2026-01-24,19:00,2026-01-24T18:00:00Z,4.3,AEMET_ult24h
2026-01-24,20:00,2026-01-24T19:00:00Z,4.1,AEMET_ult24h
2026-01-24,21:00,2026-01-24T20:00:00Z,4.3,AEMET_ult24h
2026-01-24,22:00,2026-01-24T21:00:00Z,4.5,AEMET_ult24h
2026-01-24,23:00,2026-01-24T22:00:00Z,4.5,AEMET_ult24h
2026-01-25,00:00,2026-01-24T23:00:00Z,3.5,AEMET_ult24h
2026-01-25,01:00,2026-01-25T00:00:00Z,2.8,AEMET_ult24h
2026-01-25,02:00,2026-01-25T01:00:00Z,3.9,AEMET_ult24h
2026-01-25,03:00,2026-01-25T02:00:00Z,4.6,AEMET_ult24h
2026-01-25,04:00,2026-01-25T03:00:00Z,4.3,AEMET_ult24h
2026-01-25,05:00,2026-01-25T04:00:00Z,4.8,AEMET_ult24h
2026-01-25,06:00,2026-01-25T05:00:00Z,5.3,AEMET_ult24h
2026-01-25,07:00,2026-01-25T06:00:00Z,4.9,AEMET_ult24h
2026-01-25,08:00,2026-01-25T07:00:00Z,5.6,AEMET_ult24h
2026-01-25,09:00,2026-01-25T08:00:00Z,6.1,AEMET_ult24h
2026-01-25,10:00,2026-01-25T09:00:00Z,7.5,AEMET_ult24h
2026-01-25,11:00,2026-01-25T10:00:00Z,9.5,AEMET_ult24h
2026-01-25,12:00,2026-01-25T11:00:00Z,9.5,AEMET_ult24h
2026-01-25,13:00,2026-01-25T12:00:00Z,11.5,AEMET_ult24h
2026-01-25,14:00,2026-01-25T13:00:00Z,12.3,AEMET_ult24h
2026-01-25,15:00,2026-01-25T14:00:00Z,11.5,AEMET_ult24h
2026-01-25,16:00,2026-01-25T15:00:00Z,5.1,AEMET_ult24h
2026-01-25,17:00,2026-01-25T16:00:00Z,3.5,AEMET_ult24h
2026-01-25,18:00,2026-01-25T17:00:00Z,4.8,AEMET_ult24h
2026-01-25,19:00,2026-01-25T18:00:00Z,3.3,AEMET_ult24h
2026-01-25,20:00,2026-01-25T19:00:00Z,3.8,AEMET_ult24h
2026-01-25,21:00,2026-01-25T20:00:00Z,4.7,AEMET_ult24h
2026-01-25,22:00,2026-01-25T21:00:00Z,4.8,AEMET_ult24h
2026-01-25,23:00,2026-01-25T22:00:00Z,3.8,AEMET_ult24h
2026-01-26,00:00,2026-01-25T23:00:00Z,3.5,AEMET_ult24h
2026-01-26,01:00,2026-01-26T00:00:00Z,3.1,AEMET_ult24h
2026-01-26,02:00,2026-01-26T01:00:00Z,4.0,AEMET_ult24h
2026-01-26,03:00,2026-01-26T02:00:00Z,4.0,AEMET_ult24h
2026-01-26,04:00,2026-01-26T03:00:00Z,4.6,AEMET_ult24h
2026-01-26,05:00,2026-01-26T04:00:00Z,4.5,AEMET_ult24h
2026-01-26,06:00,2026-01-26T05:00:00Z,4.7,AEMET_ult24h
2026-01-26,07:00,2026-01-26T06:00:00Z,5.1,AEMET_ult24h
2026-01-26,08:00,2026-01-26T07:00:00Z,4.0,AEMET_ult24h
2026-01-26,09:00,2026-01-26T08:00:00Z,3.7,AEMET_ult24h
2026-01-26,10:00,2026-01-26T09:00:00Z,4.5,AEMET_ult24h
2026-01-26,11:00,2026-01-26T10:00:00Z,5.9,AEMET_ult24h
2026-01-26,12:00,2026-01-26T11:00:00Z,6.2,AEMET_ult24h
2026-01-26,13:00,2026-01-26T12:00:00Z,6.0,AEMET_ult24h
2026-01-26,14:00,2026-01-26T13:00:00Z,6.6,AEMET_ult24h
2026-01-26,15:00,2026-01-26T14:00:00Z,6.7,AEMET_ult24h
2026-01-26,16:00,2026-01-26T15:00:00Z,6.4,AEMET_ult24h
2026-01-26,17:00,2026-01-26T16:00:00Z,6.6,AEMET_ult24h
2026-01-26,18:00,2026-01-26T17:00:00Z,6.3,AEMET_ult24h
2026-01-26,19:00,2026-01-26T18:00:00Z,6.4,AEMET_ult24h
2026-01-26,20:00,2026-01-26T19:00:00Z,6.6,AEMET_ult24h
2026-01-26,21:00,2026-01-26T20:00:00Z,6.9,AEMET_ult24h
2026-01-26,22:00,2026-01-26T21:00:00Z,8.6,AEMET_ult24h
2026-01-26,23:00,2026-01-26T22:00:00Z,10.1,AEMET_ult24h
2026-01-27,00:00,2026-01-26T23:00:00Z,10.0,AEMET_ult24h
2026-01-27,01:00,2026-01-27T00:00:00Z,9.6,AEMET_ult24h
2026-01-27,02:00,2026-01-27T01:00:00Z,11.8,AEMET_ult24h
2026-01-27,03:00,2026-01-27T02:00:00Z,11.4,AEMET_ult24h
2026-01-27,04:00,2026-01-27T03:00:00Z,10.9,AEMET_ult24h
2026-01-27,05:00,2026-01-27T04:00:00Z,8.6,AEMET_ult24h
2026-01-27,06:00,2026-01-27T05:00:00Z,8.9,AEMET_ult24h
2026-01-27,07:00,2026-01-27T06:00:00Z,10.2,AEMET_ult24h
2026-01-27,08:00,2026-01-27T07:00:00Z,9.5,AEMET_ult24h
2026-01-27,09:00,2026-01-27T08:00:00Z,9.1,AEMET_ult24h
2026-01-27,10:00,2026-01-27T09:00:00Z,9.9,AEMET_ult24h
2026-01-27,11:00,2026-01-27T10:00:00Z,9.1,AEMET_ult24h
2026-01-27,12:00,2026-01-27T11:00:00Z,8.8,AEMET_ult24h
2026-01-27,13:00,2026-01-27T12:00:00Z,10.5,AEMET_ult24h
2026-01-27,14:00,2026-01-27T13:00:00Z,11.6,AEMET_ult24h
2026-01-27,15:00,2026-01-27T14:00:00Z,11.4,AEMET_ult24h
2026-01-27,16:00,2026-01-27T15:00:00Z,10.6,AEMET_ult24h
2026-01-27,17:00,2026-01-27T16:00:00Z,9.1,AEMET_ult24h
2026-01-27,18:00,2026-01-27T17:00:00Z,8.6,AEMET_ult24h
2026-01-27,19:00,2026-01-27T18:00:00Z,5.7,AEMET_ult24h
2026-01-27,20:00,2026-01-27T19:00:00Z,5.4,AEMET_ult24h
2026-01-27,21:00,2026-01-27T20:00:00Z,5.0,AEMET_ult24h
2026-01-27,22:00,2026-01-27T21:00:00Z,5.3,AEMET_ult24h
2026-01-27,23:00,2026-01-27T22:00:00Z,5.0,AEMET_ult24h
2026-01-28,00:00,2026-01-27T23:00:00Z,5.3,AEMET_ult24h
2026-01-28,01:00,2026-01-28T00:00:00Z,5.1,AEMET_ult24h
2026-01-28,02:00,2026-01-28T01:00:00Z,4.1,AEMET_ult24h
2026-01-28,03:00,2026-01-28T02:00:00Z,3.4,AEMET_ult24h
2026-01-28,04:00,2026-01-28T03:00:00Z,3.1,AEMET_ult24h
2026-01-28,05:00,2026-01-28T04:00:00Z,2.5,AEMET_ult24h
2026-01-28,06:00,2026-01-28T05:00:00Z,2.4,AEMET_ult24h
2026-01-28,07:00,2026-01-28T06:00:00Z,2.3,AEMET_ult24h
2026-01-28,08:00,2026-01-28T07:00:00Z,2.8,AEMET_ult24h
2026-01-28,09:00,2026-01-28T08:00:00Z,2.1,AEMET_ult24h
2026-01-28,10:00,2026-01-28T09:00:00Z,2.1,AEMET_ult24h
2026-01-28,11:00,2026-01-28T10:00:00Z,4.2,AEMET_ult24h
2026-01-28,12:00,2026-01-28T11:00:00Z,5.4,AEMET_ult24h
2026-01-28,13:00,2026-01-28T12:00:00Z,6.7,AEMET_ult24h
2026-01-28,14:00,2026-01-28T13:00:00Z,5.6,AEMET_ult24h
2026-01-28,15:00,2026-01-28T14:00:00Z,5.7,AEMET_ult24h
2026-01-28,16:00,2026-01-28T15:00:00Z,6.9,AEMET_ult24h
2026-01-28,17:00,2026-01-28T16:00:00Z,8.3,AEMET_ult24h
2026-01-28,18:00,2026-01-28T17:00:00Z,7.6,AEMET_ult24h
2026-01-28,19:00,2026-01-28T18:00:00Z,5.5,AEMET_ult24h
2026-01-28,20:00,2026-01-28T19:00:00Z,5.1,AEMET_ult24h
2026-01-28,21:00,2026-01-28T20:00:00Z,4.3,AEMET_ult24h
2026-01-28,22:00,2026-01-28T21:00:00Z,5.2,AEMET_ult24h
2026-01-28,23:00,2026-01-28T22:00:00Z,6.1,AEMET_ult24h
2026-01-29,00:00,2026-01-28T23:00:00Z,6.9,AEMET_ult24h
2026-01-29,01:00,2026-01-29T00:00:00Z,7.0,AEMET_ult24h
2026-01-29,02:00,2026-01-29T01:00:00Z,6.9,AEMET_ult24h
2026-01-29,03:00,2026-01-29T02:00:00Z,6.2,AEMET_ult24h
2026-01-29,04:00,2026-01-29T03:00:00Z,6.0,AEMET_ult24h
2026-01-29,05:00,2026-01-29T04:00:00Z,5.3,AEMET_ult24h
2026-01-29,06:00,2026-01-29T05:00:00Z,5.3,AEMET_ult24h
2026-01-29,07:00,2026-01-29T06:00:00Z,4.0,AEMET_ult24h
2026-01-29,08:00,2026-01-29T07:00:00Z,4.5,AEMET_ult24h
2026-01-29,09:00,2026-01-29T08:00:00Z,4.3,AEMET_ult24h
2026-01-29,10:00,2026-01-29T09:00:00Z,5.5,AEMET_ult24h
2026-01-29,11:00,2026-01-29T10:00:00Z,6.6,AEMET_ult24h
2026-01-29,12:00,2026-01-29T11:00:00Z,7.5,AEMET_ult24h
2026-01-29,13:00,2026-01-29T12:00:00Z,7.8,AEMET_ult24h
2026-01-29,14:00,2026-01-29T13:00:00Z,8.9,AEMET_ult24h
2026-01-29,15:00,2026-01-29T14:00:00Z,11.6,AEMET_ult24h
2026-01-29,16:00,2026-01-29T15:00:00Z,11.9,AEMET_ult24h
2026-01-29,17:00,2026-01-29T16:00:00Z,11.1,AEMET_ult24h
2026-01-29,18:00,2026-01-29T17:00:00Z,11.1,AEMET_ult24h
2026-01-29,19:00,2026-01-29T18:00:00Z,10.0,AEMET_ult24h
2026-01-29,20:00,2026-01-29T19:00:00Z,9.0,AEMET_ult24h
2026-01-29,21:00,2026-01-29T20:00:00Z,9.9,AEMET_ult24h
2026-01-29,22:00,2026-01-29T21:00:00Z,8.5,AEMET_ult24h
2026-01-29,23:00,2026-01-29T22:00:00Z,6.6,AEMET_ult24h
2026-01-30,00:00,2026-01-29T23:00:00Z,4.6,AEMET_ult24h
2026-01-30,01:00,2026-01-30T00:00:00Z,5.1,AEMET_ult24h
2026-01-30,02:00,2026-01-30T01:00:00Z,4.6,AEMET_ult24h
2026-01-30,03:00,2026-01-30T02:00:00Z,4.6,AEMET_ult24h
2026-01-30,04:00,2026-01-30T03:00:00Z,5.2,AEMET_ult24h
2026-01-30,05:00,2026-01-30T04:00:00Z,5.1,AEMET_ult24h
2026-01-30,06:00,2026-01-30T05:00:00Z,5.8,AEMET_ult24h
2026-01-30,07:00,2026-01-30T06:00:00Z,6.8,AEMET_ult24h
2026-01-30,08:00,2026-01-30T07:00:00Z,7.2,AEMET_ult24h
2026-01-30,09:00,2026-01-30T08:00:00Z,7.3,AEMET_ult24h
2026-01-30,10:00,2026-01-30T09:00:00Z,8.1,AEMET_ult24h
2026-01-30,11:00,2026-01-30T10:00:00Z,9.2,AEMET_ult24h
2026-01-30,12:00,2026-01-30T11:00:00Z,10.2,AEMET_ult24h
2026-01-30,13:00,2026-01-30T12:00:00Z,9.7,AEMET_ult24h
2026-01-30,14:00,2026-01-30T13:00:00Z,8.6,AEMET_ult24h
2026-01-30,15:00,2026-01-30T14:00:00Z,8.8,AEMET_ult24h
2026-01-30,16:00,2026-01-30T15:00:00Z,8.5,AEMET_ult24h
2026-01-30,17:00,2026-01-30T16:00:00Z,7.6,AEMET_ult24h
2026-01-30,18:00,2026-01-30T17:00:00Z,7.7,AEMET_ult24h
2026-01-30,19:00,2026-01-30T18:00:00Z,7.4,AEMET_ult24h
2026-01-30,20:00,2026-01-30T19:00:00Z,6.7,AEMET_ult24h
2026-01-30,21:00,2026-01-30T20:00:00Z,5.8,AEMET_ult24h
2026-01-30,22:00,2026-01-30T21:00:00Z,6.1,AEMET_ult24h
2026-01-30,23:00,2026-01-30T22:00:00Z,5.1,AEMET_ult24h
2026-01-31,00:00,2026-01-30T23:00:00Z,3.9,AEMET_ult24h
2026-01-31,01:00,2026-01-31T00:00:00Z,3.6,AEMET_ult24h
2026-01-31,02:00,2026-01-31T01:00:00Z,2.7,AEMET_ult24h
2026-01-31,03:00,2026-01-31T02:00:00Z,2.4,AEMET_ult24h
2026-01-31,04:00,2026-01-31T03:00:00Z,2.5,AEMET_ult24h
2026-01-31,05:00,2026-01-31T04:00:00Z,3.9,AEMET_ult24h
2026-01-31,06:00,2026-01-31T05:00:00Z,2.8,AEMET_ult24h
2026-01-31,07:00,2026-01-31T06:00:00Z,2.4,AEMET_ult24h
2026-01-31,08:00,2026-01-31T07:00:00Z,2.7,AEMET_ult24h
2026-01-31,09:00,2026-01-31T08:00:00Z,3.2,AEMET_ult24h
2026-01-31,10:00,2026-01-31T09:00:00Z,3.5,AEMET_ult24h
2026-01-31,11:00,2026-01-31T10:00:00Z,3.8,AEMET_ult24h
2026-01-31,12:00,2026-01-31T11:00:00Z,5.3,AEMET_ult24h
2026-01-31,13:00,2026-01-31T12:00:00Z,7.5,AEMET_ult24h
2026-01-31,14:00,2026-01-31T13:00:00Z,8.7,AEMET_ult24h
2026-01-31,15:00,2026-01-31T14:00:00Z,10.8,AEMET_ult24h
2026-01-31,16:00,2026-01-31T15:00:00Z,9.1,AEMET_ult24h
2026-01-31,17:00,2026-01-31T16:00:00Z,10.2,AEMET_ult24h
2026-01-31,18:00,2026-01-31T17:00:00Z,9.2,AEMET_ult24h
2026-01-31,19:00,2026-01-31T18:00:00Z,7.7,AEMET_ult24h
2026-01-31,20:00,2026-01-31T19:00:00Z,5.2,AEMET_ult24h
2026-01-31,21:00,2026-01-31T20:00:00Z,4.7,AEMET_ult24h
2026-01-31,22:00,2026-01-31T21:00:00Z,3.4,AEMET_ult24h
2026-01-31,23:00,2026-01-31T22:00:00Z,2.2,AEMET_ult24h
2026-02-01,00:00,2026-01-31T23:00:00Z,1.9,AEMET_ult24h
2026-02-01,01:00,2026-02-01T00:00:00Z,2.4,AEMET_ult24h
2026-02-01,02:00,2026-02-01T01:00:00Z,2.5,AEMET_ult24h
2026-02-01,03:00,2026-02-01T02:00:00Z,2.8,AEMET_ult24h
2026-02-01,04:00,2026-02-01T03:00:00Z,2.4,AEMET_ult24h
2026-02-01,05:00,2026-02-01T04:00:00Z,2.7,AEMET_ult24h
2026-02-01,06:00,2026-02-01T05:00:00Z,3.3,AEMET_ult24h
2026-02-01,07:00,2026-02-01T06:00:00Z,3.8,AEMET_ult24h
2026-02-01,08:00,2026-02-01T07:00:00Z,5.1,AEMET_ult24h
2026-02-01,09:00,2026-02-01T08:00:00Z,6.0,AEMET_ult24h
2026-02-01,10:00,2026-02-01T09:00:00Z,7.2,AEMET_ult24h
2026-02-01,11:00,2026-02-01T10:00:00Z,8.4,AEMET_ult24h
2026-02-01,12:00,2026-02-01T11:00:00Z,9.1,AEMET_ult24h
2026-02-01,13:00,2026-02-01T12:00:00Z,10.6,AEMET_ult24h
2026-02-01,14:00,2026-02-01T13:00:00Z,11.3,AEMET_ult24h
2026-02-01,15:00,2026-02-01T14:00:00Z,12.4,AEMET_ult24h
2026-02-01,16:00,2026-02-01T15:00:00Z,11.5,AEMET_ult24h
2026-02-01,17:00,2026-02-01T16:00:00Z,12.3,AEMET_ult24h
2026-02-01,18:00,2026-02-01T17:00:00Z,11.3,AEMET_ult24h
2026-02-01,19:00,2026-02-01T18:00:00Z,10.1,AEMET_ult24h
2026-02-01,20:00,2026-02-01T19:00:00Z,9.9,AEMET_ult24h
2026-02-01,21:00,2026-02-01T20:00:00Z,9.0,AEMET_ult24h
2026-02-01,22:00,2026-02-01T21:00:00Z,8.7,AEMET_ult24h
2026-02-01,23:00,2026-02-01T22:00:00Z,7.7,AEMET_ult24h
2026-02-02,00:00,2026-02-01T23:00:00Z,7.2,AEMET_ult24h
2026-02-02,01:00,2026-02-02T00:00:00Z,7.4,AEMET_ult24h
2026-02-02,02:00,2026-02-02T01:00:00Z,7.2,AEMET_ult24h
2026-02-02,03:00,2026-02-02T02:00:00Z,8.1,AEMET_ult24h
2026-02-02,04:00,2026-02-02T03:00:00Z,9.4,AEMET_ult24h
2026-02-02,05:00,2026-02-02T04:00:00Z,8.2,AEMET_ult24h
2026-02-02,06:00,2026-02-02T05:00:00Z,8.5,AEMET_ult24h
2026-02-02,07:00,2026-02-02T06:00:00Z,9.0,AEMET_ult24h
2026-02-02,08:00,2026-02-02T07:00:00Z,9.0,AEMET_ult24h
2026-02-02,09:00,2026-02-02T08:00:00Z,8.2,AEMET_ult24h
2026-02-02,10:00,2026-02-02T09:00:00Z,9.8,AEMET_ult24h
2026-02-02,11:00,2026-02-02T10:00:00Z,11.0,AEMET_ult24h
2026-02-02,12:00,2026-02-02T11:00:00Z,10.9,AEMET_ult24h
2026-02-02,13:00,2026-02-02T12:00:00Z,9.4,AEMET_ult24h
2026-02-02,14:00,2026-02-02T13:00:00Z,10.2,AEMET_ult24h
2026-02-02,15:00,2026-02-02T14:00:00Z,9.4,AEMET_ult24h
2026-02-02,16:00,2026-02-02T15:00:00Z,9.4,AEMET_ult24h
2026-02-02,17:00,2026-02-02T16:00:00Z,10.6,AEMET_ult24h
2026-02-02,18:00,2026-02-02T17:00:00Z,7.9,AEMET_ult24h
2026-02-02,19:00,2026-02-02T18:00:00Z,7.3,AEMET_ult24h
2026-02-02,20:00,2026-02-02T19:00:00Z,7.4,AEMET_ult24h
2026-02-02,21:00,2026-02-02T20:00:00Z,7.4,AEMET_ult24h
2026-02-02,22:00,2026-02-02T21:00:00Z,6.7,AEMET_ult24h
2026-02-02,23:00,2026-02-02T22:00:00Z,6.7,AEMET_ult24h
2026-02-03,00:00,2026-02-02T23:00:00Z,6.2,AEMET_ult24h
2026-02-03,01:00,2026-02-03T00:00:00Z,6.5,AEMET_ult24h
2026-02-03,02:00,2026-02-03T01:00:00Z,6.4,AEMET_ult24h
2026-02-03,03:00,2026-02-03T02:00:00Z,6.3,AEMET_ult24h
2026-02-03,04:00,2026-02-03T03:00:00Z,6.0,AEMET_ult24h
2026-02-03,05:00,2026-02-03T04:00:00Z,6.0,AEMET_ult24h
2026-02-03,06:00,2026-02-03T05:00:00Z,6.1,AEMET_ult24h
2026-02-03,07:00,2026-02-03T06:00:00Z,5.8,AEMET_ult24h
2026-02-03,08:00,2026-02-03T07:00:00Z,5.9,AEMET_ult24h
2026-02-03,09:00,2026-02-03T08:00:00Z,6.0,AEMET_ult24h
2026-02-03,10:00,2026-02-03T09:00:00Z,6.8,AEMET_ult24h
2026-02-03,11:00,2026-02-03T10:00:00Z,8.2,AEMET_ult24h
2026-02-03,12:00,2026-02-03T11:00:00Z,7.9,AEMET_ult24h
2026-02-03,13:00,2026-02-03T12:00:00Z,9.6,AEMET_ult24h
2026-02-03,14:00,2026-02-03T13:00:00Z,9.1,AEMET_ult24h
2026-02-03,15:00,2026-02-03T14:00:00Z,8.9,AEMET_ult24h
2026-02-03,16:00,2026-02-03T15:00:00Z,8.8,AEMET_ult24h
2026-02-03,17:00,2026-02-03T16:00:00Z,9.6,AEMET_ult24h
2026-02-03,18:00,2026-02-03T17:00:00Z,8.8,AEMET_ult24h
2026-02-03,19:00,2026-02-03T18:00:00Z,8.5,AEMET_ult24h
2026-02-03,20:00,2026-02-03T19:00:00Z,6.7,AEMET_ult24h
2026-02-03,21:00,2026-02-03T20:00:00Z,6.0,AEMET_ult24h
2026-02-03,22:00,2026-02-03T21:00:00Z,6.3,AEMET_ult24h
2026-02-03,23:00,2026-02-03T22:00:00Z,6.2,AEMET_ult24h
2026-02-04,00:00,2026-02-03T23:00:00Z,6.8,AEMET_ult24h
2026-02-04,01:00,2026-02-04T00:00:00Z,6.1,AEMET_ult24h
2026-02-04,02:00,2026-02-04T01:00:00Z,5.8,AEMET_ult24h
2026-02-04,03:00,2026-02-04T02:00:00Z,5.2,AEMET_ult24h
2026-02-04,04:00,2026-02-04T03:00:00Z,4.4,AEMET_ult24h
2026-02-04,05:00,2026-02-04T04:00:00Z,4.5,AEMET_ult24h
2026-02-04,06:00,2026-02-04T05:00:00Z,5.6,AEMET_ult24h
2026-02-04,07:00,2026-02-04T06:00:00Z,5.8,AEMET_ult24h
2026-02-04,08:00,2026-02-04T07:00:00Z,5.5,AEMET_ult24h
2026-02-04,09:00,2026-02-04T08:00:00Z,6.5,AEMET_ult24h
2026-02-04,10:00,2026-02-04T09:00:00Z,7.3,AEMET_ult24h
2026-02-04,11:00,2026-02-04T10:00:00Z,7.5,AEMET_ult24h
2026-02-04,12:00,2026-02-04T11:00:00Z,8.9,AEMET_ult24h
2026-02-04,13:00,2026-02-04T12:00:00Z,9.5,AEMET_ult24h
2026-02-04,14:00,2026-02-04T13:00:00Z,10.4,AEMET_ult24h
2026-02-04,15:00,2026-02-04T14:00:00Z,12.2,AEMET_ult24h
2026-02-04,16:00,2026-02-04T15:00:00Z,10.7,AEMET_ult24h
2026-02-04,17:00,2026-02-04T16:00:00Z,9.2,AEMET_ult24h
2026-02-04,18:00,2026-02-04T17:00:00Z,9.2,AEMET_ult24h
2026-02-04,19:00,2026-02-04T18:00:00Z,9.5,AEMET_ult24h
2026-02-04,20:00,2026-02-04T19:00:00Z,9.2,AEMET_ult24h
2026-02-04,21:00,2026-02-04T20:00:00Z,10.0,AEMET_ult24h
2026-02-04,22:00,2026-02-04T21:00:00Z,10.1,AEMET_ult24h
2026-02-04,23:00,2026-02-04T22:00:00Z,10.2,AEMET_ult24h
2026-02-05,00:00,2026-02-04T23:00:00Z,9.9,AEMET_ult24h
2026-02-05,01:00,2026-02-05T00:00:00Z,9.3,AEMET_ult24h
2026-02-05,02:00,2026-02-05T01:00:00Z,9.4,AEMET_ult24h
2026-02-05,03:00,2026-02-05T02:00:00Z,9.9,AEMET_ult24h
2026-02-05,04:00,2026-02-05T03:00:00Z,9.9,AEMET_ult24h
2026-02-05,05:00,2026-02-05T04:00:00Z,9.6,AEMET_ult24h
2026-02-05,06:00,2026-02-05T05:00:00Z,9.2,AEMET_ult24h
2026-02-05,07:00,2026-02-05T06:00:00Z,7.7,AEMET_ult24h
2026-02-05,08:00,2026-02-05T07:00:00Z,7.2,AEMET_ult24h
2026-02-05,09:00,2026-02-05T08:00:00Z,7.7,AEMET_ult24h
2026-02-05,10:00,2026-02-05T09:00:00Z,8.1,AEMET_ult24h
2026-02-05,11:00,2026-02-05T10:00:00Z,8.8,AEMET_ult24h
2026-02-05,12:00,2026-02-05T11:00:00Z,9.7,AEMET_ult24h
2026-02-05,13:00,2026-02-05T12:00:00Z,10.8,AEMET_ult24h
2026-02-05,14:00,2026-02-05T13:00:00Z,10.9,AEMET_ult24h
2026-02-05,15:00,2026-02-05T14:00:00Z,13.1,AEMET_ult24h
2026-02-05,16:00,2026-02-05T15:00:00Z,12.2,AEMET_ult24h
2026-02-05,17:00,2026-02-05T16:00:00Z,12.3,AEMET_ult24h
2026-02-05,18:00,2026-02-05T17:00:00Z,12.9,AEMET_ult24h
2026-02-05,19:00,2026-02-05T18:00:00Z,11.1,AEMET_ult24h
2026-02-05,20:00,2026-02-05T19:00:00Z,10.9,AEMET_ult24h
2026-02-05,21:00,2026-02-05T20:00:00Z,10.1,AEMET_ult24h
2026-02-05,22:00,2026-02-05T21:00:00Z,9.8,AEMET_ult24h
2026-02-05,23:00,2026-02-05T22:00:00Z,9.7,AEMET_ult24h
2026-02-06,00:00,2026-02-05T23:00:00Z,9.3,AEMET_ult24h
2026-02-06,01:00,2026-02-06T00:00:00Z,9.4,AEMET_ult24h
2026-02-06,02:00,2026-02-06T01:00:00Z,9.3,AEMET_ult24h
2026-02-06,03:00,2026-02-06T02:00:00Z,9.3,AEMET_ult24h
2026-02-06,04:00,2026-02-06T03:00:00Z,9.7,AEMET_ult24h
2026-02-06,05:00,2026-02-06T04:00:00Z,9.1,AEMET_ult24h
2026-02-06,06:00,2026-02-06T05:00:00Z,8.7,AEMET_ult24h
2026-02-06,07:00,2026-02-06T06:00:00Z,8.1,AEMET_ult24h
2026-02-06,08:00,2026-02-06T07:00:00Z,7.4,AEMET_ult24h
2026-02-06,09:00,2026-02-06T08:00:00Z,7.5,AEMET_ult24h
2026-02-06,10:00,2026-02-06T09:00:00Z,9.2,AEMET_ult24h
2026-02-06,11:00,2026-02-06T10:00:00Z,10.1,AEMET_ult24h
2026-02-06,12:00,2026-02-06T11:00:00Z,10.2,AEMET_ult24h
2026-02-06,13:00,2026-02-06T12:00:00Z,10.3,AEMET_ult24h
2026-02-06,14:00,2026-02-06T13:00:00Z,12.1,AEMET_ult24h
2026-02-06,15:00,2026-02-06T14:00:00Z,11.9,AEMET_ult24h
2026-02-06,16:00,2026-02-06T15:00:00Z,12.6,AEMET_ult24h
2026-02-06,17:00,2026-02-06T16:00:00Z,11.1,AEMET_ult24h
2026-02-06,18:00,2026-02-06T17:00:00Z,9.7,AEMET_ult24h
2026-02-06,19:00,2026-02-06T18:00:00Z,9.0,AEMET_ult24h
2026-02-06,20:00,2026-02-06T19:00:00Z,8.6,AEMET_ult24h
2026-02-06,21:00,2026-02-06T20:00:00Z,7.8,AEMET_ult24h
2026-02-06,22:00,2026-02-06T21:00:00Z,7.3,AEMET_ult24h
2026-02-06,23:00,2026-02-06T22:00:00Z,6.6,AEMET_ult24h
2026-02-07,00:00,2026-02-06T23:00:00Z,6.7,AEMET_ult24h
2026-02-07,01:00,2026-02-07T00:00:00Z,7.0,AEMET_ult24h
2026-02-07,02:00,2026-02-07T01:00:00Z,6.3,AEMET_ult24h
2026-02-07,03:00,2026-02-07T02:00:00Z,5.9,AEMET_ult24h
2026-02-07,04:00,2026-02-07T03:00:00Z,5.9,AEMET_ult24h
2026-02-07,05:00,2026-02-07T04:00:00Z,5.8,AEMET_ult24h
2026-02-07,06:00,2026-02-07T05:00:00Z,5.7,AEMET_ult24h
2026-02-07,07:00,2026-02-07T06:00:00Z,5.1,AEMET_ult24h
2026-02-07,08:00,2026-02-07T07:00:00Z,5.6,AEMET_ult24h
2026-02-07,09:00,2026-02-07T08:00:00Z,5.7,AEMET_ult24h
2026-02-07,10:00,2026-02-07T09:00:00Z,6.8,AEMET_ult24h
2026-02-07,11:00,2026-02-07T10:00:00Z,8.3,AEMET_ult24h
2026-02-07,12:00,2026-02-07T11:00:00Z,9.7,AEMET_ult24h
2026-02-07,13:00,2026-02-07T12:00:00Z,9.5,AEMET_ult24h
2026-02-07,14:00,2026-02-07T13:00:00Z,11.0,AEMET_ult24h
2026-02-07,15:00,2026-02-07T14:00:00Z,10.4,AEMET_ult24h
2026-02-07,16:00,2026-02-07T15:00:00Z,10.5,AEMET_ult24h
2026-02-07,17:00,2026-02-07T16:00:00Z,9.9,AEMET_ult24h
2026-02-07,18:00,2026-02-07T17:00:00Z,9.6,AEMET_ult24h
2026-02-07,19:00,2026-02-07T18:00:00Z,9.4,AEMET_ult24h
2026-02-07,20:00,2026-02-07T19:00:00Z,9.0,AEMET_ult24h
2026-02-07,21:00,2026-02-07T20:00:00Z,8.3,AEMET_ult24h
2026-02-07,22:00,2026-02-07T21:00:00Z,7.5,AEMET_ult24h
2026-02-07,23:00,2026-02-07T22:00:00Z,7.5,AEMET_ult24h
2026-02-08,00:00,2026-02-07T23:00:00Z,7.7,AEMET_ult24h
2026-02-08,01:00,2026-02-08T00:00:00Z,7.3,AEMET_ult24h
2026-02-08,02:00,2026-02-08T01:00:00Z,6.9,AEMET_ult24h
2026-02-08,03:00,2026-02-08T02:00:00Z,6.1,AEMET_ult24h
2026-02-08,04:00,2026-02-08T03:00:00Z,6.0,AEMET_ult24h
2026-02-08,05:00,2026-02-08T04:00:00Z,5.8,AEMET_ult24h
2026-02-08,06:00,2026-02-08T05:00:00Z,5.6,AEMET_ult24h
2026-02-08,07:00,2026-02-08T06:00:00Z,5.5,AEMET_ult24h
2026-02-08,08:00,2026-02-08T07:00:00Z,5.4,AEMET_ult24h
2026-02-08,09:00,2026-02-08T08:00:00Z,5.7,AEMET_ult24h
2026-02-08,10:00,2026-02-08T09:00:00Z,6.5,AEMET_ult24h
2026-02-08,11:00,2026-02-08T10:00:00Z,7.1,AEMET_ult24h
2026-02-08,12:00,2026-02-08T11:00:00Z,7.4,AEMET_ult24h
2026-02-08,13:00,2026-02-08T12:00:00Z,7.0,AEMET_ult24h
2026-02-08,14:00,2026-02-08T13:00:00Z,7.8,AEMET_ult24h
2026-02-08,15:00,2026-02-08T14:00:00Z,9.5,AEMET_ult24h
2026-02-08,16:00,2026-02-08T15:00:00Z,9.7,AEMET_ult24h
2026-02-08,17:00,2026-02-08T16:00:00Z,10.2,AEMET_ult24h
2026-02-08,18:00,2026-02-08T17:00:00Z,9.7,AEMET_ult24h
2026-02-08,19:00,2026-02-08T18:00:00Z,7.2,AEMET_ult24h
2026-02-08,20:00,2026-02-08T19:00:00Z,5.9,AEMET_ult24h
2026-02-08,21:00,2026-02-08T20:00:00Z,5.4,AEMET_ult24h
2026-02-08,22:00,2026-02-08T21:00:00Z,4.3,AEMET_ult24h
2026-02-08,23:00,2026-02-08T22:00:00Z,3.1,AEMET_ult24h
2026-02-09,00:00,2026-02-08T23:00:00Z,5.8,AEMET_ult24h
2026-02-09,01:00,2026-02-09T00:00:00Z,7.1,AEMET_ult24h
2026-02-09,02:00,2026-02-09T01:00:00Z,6.3,AEMET_ult24h
2026-02-09,03:00,2026-02-09T02:00:00Z,4.7,AEMET_ult24h
2026-02-09,04:00,2026-02-09T03:00:00Z,5.3,AEMET_ult24h
2026-02-09,05:00,2026-02-09T04:00:00Z,5.6,AEMET_ult24h
2026-02-09,06:00,2026-02-09T05:00:00Z,5.8,AEMET_ult24h
2026-02-09,07:00,2026-02-09T06:00:00Z,6.0,AEMET_ult24h
2026-02-09,08:00,2026-02-09T07:00:00Z,5.9,AEMET_ult24h
2026-02-09,09:00,2026-02-09T08:00:00Z,6.6,AEMET_ult24h
2026-02-09,10:00,2026-02-09T09:00:00Z,6.9,AEMET_ult24h
2026-02-09,11:00,2026-02-09T10:00:00Z,8.4,AEMET_ult24h
2026-02-09,12:00,2026-02-09T11:00:00Z,9.2,AEMET_ult24h
2026-02-09,13:00,2026-02-09T12:00:00Z,10.5,AEMET_ult24h
2026-02-09,14:00,2026-02-09T13:00:00Z,10.2,AEMET_ult24h
2026-02-09,15:00,2026-02-09T14:00:00Z,9.5,AEMET_ult24h
2026-02-09,16:00,2026-02-09T15:00:00Z,8.5,AEMET_ult24h
2026-02-09,17:00,2026-02-09T16:00:00Z,8.6,AEMET_ult24h
2026-02-09,18:00,2026-02-09T17:00:00Z,8.8,AEMET_ult24h
2026-02-09,19:00,2026-02-09T18:00:00Z,8.7,AEMET_ult24h
2026-02-09,20:00,2026-02-09T19:00:00Z,8.8,AEMET_ult24h
2026-02-09,21:00,2026-02-09T20:00:00Z,9.4,AEMET_ult24h
2026-02-09,22:00,2026-02-09T21:00:00Z,9.9,AEMET_ult24h
2026-02-09,23:00,2026-02-09T22:00:00Z,10.0,AEMET_ult24h
2026-02-10,00:00,2026-02-09T23:00:00Z,8.9,AEMET_ult24h
2026-02-10,01:00,2026-02-10T00:00:00Z,8.5,AEMET_ult24h
2026-02-10,02:00,2026-02-10T01:00:00Z,8.7,AEMET_ult24h
2026-02-10,03:00,2026-02-10T02:00:00Z,8.9,AEMET_ult24h
2026-02-10,04:00,2026-02-10T03:00:00Z,11.1,AEMET_ult24h
2026-02-10,05:00,2026-02-10T04:00:00Z,11.6,AEMET_ult24h
2026-02-10,06:00,2026-02-10T05:00:00Z,12.5,AEMET_ult24h
2026-02-10,07:00,2026-02-10T06:00:00Z,13.3,AEMET_ult24h
2026-02-10,08:00,2026-02-10T07:00:00Z,13.6,AEMET_ult24h
2026-02-10,09:00,2026-02-10T08:00:00Z,13.5,AEMET_ult24h
2026-02-10,10:00,2026-02-10T09:00:00Z,15.1,AEMET_ult24h
2026-02-10,11:00,2026-02-10T10:00:00Z,15.4,AEMET_ult24h
2026-02-10,12:00,2026-02-10T11:00:00Z,16.8,AEMET_ult24h
2026-02-10,13:00,2026-02-10T12:00:00Z,17.1,AEMET_ult24h
2026-02-10,14:00,2026-02-10T13:00:00Z,17.9,AEMET_ult24h
2026-02-10,15:00,2026-02-10T14:00:00Z,17.7,AEMET_ult24h
2026-02-10,16:00,2026-02-10T15:00:00Z,16.6,AEMET_ult24h
2026-02-10,17:00,2026-02-10T16:00:00Z,17.4,AEMET_ult24h
2026-02-10,18:00,2026-02-10T17:00:00Z,17.1,AEMET_ult24h
2026-02-10,19:00,2026-02-10T18:00:00Z,16.4,AEMET_ult24h
2026-02-10,20:00,2026-02-10T19:00:00Z,16.7,AEMET_ult24h
2026-02-10,21:00,2026-02-10T20:00:00Z,16.1,AEMET_ult24h
2026-02-10,22:00,2026-02-10T21:00:00Z,16.1,AEMET_ult24h
2026-02-10,23:00,2026-02-10T22:00:00Z,14.9,AEMET_ult24h
2026-02-11,00:00,2026-02-10T23:00:00Z,14.2,AEMET_ult24h
2026-02-11,01:00,2026-02-11T00:00:00Z,12.8,AEMET_ult24h
2026-02-11,02:00,2026-02-11T01:00:00Z,12.5,AEMET_ult24h
2026-02-11,03:00,2026-02-11T02:00:00Z,12.0,AEMET_ult24h
2026-02-11,04:00,2026-02-11T03:00:00Z,11.4,AEMET_ult24h
2026-02-11,05:00,2026-02-11T04:00:00Z,10.5,AEMET_ult24h
2026-02-11,06:00,2026-02-11T05:00:00Z,11.3,AEMET_ult24h
2026-02-11,07:00,2026-02-11T06:00:00Z,11.3,AEMET_ult24h
2026-02-11,08:00,2026-02-11T07:00:00Z,11.6,AEMET_ult24h
2026-02-11,09:00,2026-02-11T08:00:00Z,11.7,AEMET_ult24h
2026-02-11,10:00,2026-02-11T09:00:00Z,12.0,AEMET_ult24h
2026-02-11,11:00,2026-02-11T10:00:00Z,12.7,AEMET_ult24h
2026-02-11,12:00,2026-02-11T11:00:00Z,12.8,AEMET_ult24h
2026-02-11,13:00,2026-02-11T12:00:00Z,12.9,AEMET_ult24h
2026-02-11,14:00,2026-02-11T13:00:00Z,12.8,AEMET_ult24h
2026-02-11,15:00,2026-02-11T14:00:00Z,14.3,AEMET_ult24h
2026-02-11,16:00,2026-02-11T15:00:00Z,14.8,AEMET_ult24h
2026-02-11,17:00,2026-02-11T16:00:00Z,14.0,AEMET_ult24h
2026-02-11,18:00,2026-02-11T17:00:00Z,14.6,AEMET_ult24h
2026-02-11,19:00,2026-02-11T18:00:00Z,15.3,AEMET_ult24h
2026-02-11,20:00,2026-02-11T19:00:00Z,15.6,AEMET_ult24h
2026-02-11,21:00,2026-02-11T20:00:00Z,14.6,AEMET_ult24h
2026-02-11,22:00,2026-02-11T21:00:00Z,13.6,AEMET_ult24h
2026-02-11,23:00,2026-02-11T22:00:00Z,13.1,AEMET_ult24h
2026-02-12,00:00,2026-02-11T23:00:00Z,12.6,AEMET_ult24h
2026-02-12,01:00,2026-02-12T00:00:00Z,11.8,AEMET_ult24h
2026-02-12,02:00,2026-02-12T01:00:00Z,10.8,AEMET_ult24h
2026-02-12,03:00,2026-02-12T02:00:00Z,10.7,AEMET_ult24h
2026-02-12,04:00,2026-02-12T03:00:00Z,9.5,AEMET_ult24h
2026-02-12,05:00,2026-02-12T04:00:00Z,7.5,AEMET_ult24h
2026-02-12,06:00,2026-02-12T05:00:00Z,6.2,AEMET_ult24h
2026-02-12,07:00,2026-02-12T06:00:00Z,6.1,AEMET_ult24h
2026-02-12,08:00,2026-02-12T07:00:00Z,5.0,AEMET_ult24h
2026-02-12,09:00,2026-02-12T08:00:00Z,6.2,AEMET_ult24h
2026-02-12,10:00,2026-02-12T09:00:00Z,10.3,AEMET_ult24h
2026-02-12,11:00,2026-02-12T10:00:00Z,11.6,AEMET_ult24h
2026-02-12,12:00,2026-02-12T11:00:00Z,12.8,AEMET_ult24h
2026-02-12,13:00,2026-02-12T12:00:00Z,14.1,AEMET_ult24h
2026-02-12,14:00,2026-02-12T13:00:00Z,15.2,AEMET_ult24h
2026-02-12,15:00,2026-02-12T14:00:00Z,15.1,AEMET_ult24h
2026-02-12,16:00,2026-02-12T15:00:00Z,14.4,AEMET_ult24h
2026-02-12,17:00,2026-02-12T16:00:00Z,13.2,AEMET_ult24h
2026-02-12,18:00,2026-02-12T17:00:00Z,12.5,AEMET_ult24h
2026-02-12,19:00,2026-02-12T18:00:00Z,10.9,AEMET_ult24h
2026-02-12,20:00,2026-02-12T19:00:00Z,9.7,AEMET_ult24h
2026-02-12,21:00,2026-02-12T20:00:00Z,11.0,AEMET_ult24h
2026-02-12,22:00,2026-02-12T21:00:00Z,11.0,AEMET_ult24h
2026-02-12,23:00,2026-02-12T22:00:00Z,10.7,AEMET_ult24h
2026-02-13,00:00,2026-02-12T23:00:00Z,10.5,AEMET_ult24h
2026-02-13,01:00,2026-02-13T00:00:00Z,10.3,AEMET_ult24h
2026-02-13,02:00,2026-02-13T01:00:00Z,10.3,AEMET_ult24h
2026-02-13,03:00,2026-02-13T02:00:00Z,9.3,AEMET_ult24h
2026-02-13,04:00,2026-02-13T03:00:00Z,7.7,AEMET_ult24h
2026-02-13,05:00,2026-02-13T04:00:00Z,7.4,AEMET_ult24h
2026-02-13,06:00,2026-02-13T05:00:00Z,6.8,AEMET_ult24h
2026-02-13,07:00,2026-02-13T06:00:00Z,6.6,AEMET_ult24h
2026-02-13,08:00,2026-02-13T07:00:00Z,6.7,AEMET_ult24h
2026-02-13,09:00,2026-02-13T08:00:00Z,6.8,AEMET_ult24h
2026-02-13,10:00,2026-02-13T09:00:00Z,7.8,AEMET_ult24h
2026-02-13,11:00,2026-02-13T10:00:00Z,8.0,AEMET_ult24h
2026-02-13,12:00,2026-02-13T11:00:00Z,8.2,AEMET_ult24h
2026-02-13,13:00,2026-02-13T12:00:00Z,8.8,AEMET_ult24h
2026-02-13,14:00,2026-02-13T13:00:00Z,9.9,AEMET_ult24h
2026-02-13,15:00,2026-02-13T14:00:00Z,9.0,AEMET_ult24h
2026-02-13,16:00,2026-02-13T15:00:00Z,10.4,AEMET_ult24h
2026-02-13,17:00,2026-02-13T16:00:00Z,9.1,AEMET_ult24h
2026-02-13,18:00,2026-02-13T17:00:00Z,6.8,AEMET_ult24h
2026-02-13,19:00,2026-02-13T18:00:00Z,6.6,AEMET_ult24h
2026-02-13,20:00,2026-02-13T19:00:00Z,6.5,AEMET_ult24h
2026-02-13,21:00,2026-02-13T20:00:00Z,6.6,AEMET_ult24h
2026-02-13,22:00,2026-02-13T21:00:00Z,5.9,AEMET_ult24h
2026-02-13,23:00,2026-02-13T22:00:00Z,5.9,AEMET_ult24h
2026-02-14,00:00,2026-02-13T23:00:00Z,5.7,AEMET_ult24h
2026-02-14,01:00,2026-02-14T00:00:00Z,5.7,AEMET_ult24h
2026-02-14,02:00,2026-02-14T01:00:00Z,6.0,AEMET_ult24h
2026-02-14,03:00,2026-02-14T02:00:00Z,5.5,AEMET_ult24h
2026-02-14,04:00,2026-02-14T03:00:00Z,5.2,AEMET_ult24h
2026-02-14,05:00,2026-02-14T04:00:00Z,5.1,AEMET_ult24h
2026-02-14,06:00,2026-02-14T05:00:00Z,4.8,AEMET_ult24h
2026-02-14,07:00,2026-02-14T06:00:00Z,5.0,AEMET_ult24h
2026-02-14,08:00,2026-02-14T07:00:00Z,5.5,AEMET_ult24h
2026-02-14,09:00,2026-02-14T08:00:00Z,5.7,AEMET_ult24h
2026-02-14,10:00,2026-02-14T09:00:00Z,5.9,AEMET_ult24h
2026-02-14,11:00,2026-02-14T10:00:00Z,6.1,AEMET_ult24h
2026-02-14,12:00,2026-02-14T11:00:00Z,6.7,AEMET_ult24h
2026-02-14,13:00,2026-02-14T12:00:00Z,6.9,AEMET_ult24h
2026-02-14,14:00,2026-02-14T13:00:00Z,6.2,AEMET_ult24h
2026-02-14,15:00,2026-02-14T14:00:00Z,4.8,AEMET_ult24h
2026-02-14,16:00,2026-02-14T15:00:00Z,6.0,AEMET_ult24h
2026-02-14,17:00,2026-02-14T16:00:00Z,5.4,AEMET_ult24h
2026-02-14,18:00,2026-02-14T17:00:00Z,5.3,AEMET_ult24h
2026-02-14,19:00,2026-02-14T18:00:00Z,4.8,AEMET_ult24h
2026-02-14,20:00,2026-02-14T19:00:00Z,4.7,AEMET_ult24h
2026-02-14,21:00,2026-02-14T20:00:00Z,4.1,AEMET_ult24h
2026-02-14,22:00,2026-02-14T21:00:00Z,4.0,AEMET_ult24h
2026-02-14,23:00,2026-02-14T22:00:00Z,3.2,AEMET_ult24h
2026-02-15,00:00,2026-02-14T23:00:00Z,1.8,AEMET_ult24h
2026-02-15,01:00,2026-02-15T00:00:00Z,1.8,AEMET_ult24h
2026-02-15,02:00,2026-02-15T01:00:00Z,1.0,AEMET_ult24h
2026-02-15,03:00,2026-02-15T02:00:00Z,0.5,AEMET_ult24h
2026-02-15,04:00,2026-02-15T03:00:00Z,1.4,AEMET_ult24h
2026-02-15,05:00,2026-02-15T04:00:00Z,1.4,AEMET_ult24h
2026-02-15,06:00,2026-02-15T05:00:00Z,2.1,AEMET_ult24h
2026-02-15,07:00,2026-02-15T06:00:00Z,2.6,AEMET_ult24h
2026-02-15,08:00,2026-02-15T07:00:00Z,2.5,AEMET_ult24h
2026-02-15,09:00,2026-02-15T08:00:00Z,3.3,AEMET_ult24h
2026-02-15,10:00,2026-02-15T09:00:00Z,4.0,AEMET_ult24h
2026-02-15,11:00,2026-02-15T10:00:00Z,5.6,AEMET_ult24h
2026-02-15,12:00,2026-02-15T11:00:00Z,7.3,AEMET_ult24h
2026-02-15,13:00,2026-02-15T12:00:00Z,8.9,AEMET_ult24h
2026-02-15,14:00,2026-02-15T13:00:00Z,9.1,AEMET_ult24h
2026-02-15,15:00,2026-02-15T14:00:00Z,9.9,AEMET_ult24h
2026-02-15,16:00,2026-02-15T15:00:00Z,10.0,AEMET_ult24h
2026-02-15,17:00,2026-02-15T16:00:00Z,11.4,AEMET_ult24h
2026-02-15,18:00,2026-02-15T17:00:00Z,10.6,AEMET_ult24h
2026-02-15,19:00,2026-02-15T18:00:00Z,9.9,AEMET_ult24h
2026-02-15,20:00,2026-02-15T19:00:00Z,9.7,AEMET_ult24h
2026-02-15,21:00,2026-02-15T20:00:00Z,10.1,AEMET_ult24h
2026-02-15,22:00,2026-02-15T21:00:00Z,10.7,AEMET_ult24h
2026-02-15,23:00,2026-02-15T22:00:00Z,10.6,AEMET_ult24h
2026-02-16,00:00,2026-02-15T23:00:00Z,10.5,AEMET_ult24h
2026-02-16,01:00,2026-02-16T00:00:00Z,10.1,AEMET_ult24h
2026-02-16,02:00,2026-02-16T01:00:00Z,10.2,AEMET_ult24h
2026-02-16,03:00,2026-02-16T02:00:00Z,9.7,AEMET_ult24h
2026-02-16,04:00,2026-02-16T03:00:00Z,9.8,AEMET_ult24h
2026-02-16,05:00,2026-02-16T04:00:00Z,9.8,AEMET_ult24h
2026-02-16,06:00,2026-02-16T05:00:00Z,9.5,AEMET_ult24h
2026-02-16,07:00,2026-02-16T06:00:00Z,9.2,AEMET_ult24h
2026-02-16,08:00,2026-02-16T07:00:00Z,9.3,AEMET_ult24h
2026-02-16,09:00,2026-02-16T08:00:00Z,9.5,AEMET_ult24h
2026-02-16,10:00,2026-02-16T09:00:00Z,10.0,AEMET_ult24h
2026-02-16,11:00,2026-02-16T10:00:00Z,10.0,AEMET_ult24h
2026-02-16,12:00,2026-02-16T11:00:00Z,10.4,AEMET_ult24h
2026-02-16,13:00,2026-02-16T12:00:00Z,11.4,AEMET_ult24h
2026-02-16,14:00,2026-02-16T13:00:00Z,11.9,AEMET_ult24h
2026-02-16,15:00,2026-02-16T14:00:00Z,12.3,AEMET_ult24h
2026-02-16,16:00,2026-02-16T15:00:00Z,12.7,AEMET_ult24h
2026-02-16,17:00,2026-02-16T16:00:00Z,12.1,AEMET_ult24h
2026-02-16,18:00,2026-02-16T17:00:00Z,11.1,AEMET_ult24h
2026-02-16,19:00,2026-02-16T18:00:00Z,10.5,AEMET_ult24h
2026-02-16,20:00,2026-02-16T19:00:00Z,10.1,AEMET_ult24h
2026-02-16,21:00,2026-02-16T20:00:00Z,9.6,AEMET_ult24h
2026-02-16,22:00,2026-02-16T21:00:00Z,9.0,AEMET_ult24h
2026-02-16,23:00,2026-02-16T22:00:00Z,8.5,AEMET_ult24h
2026-02-17,00:00,2026-02-16T23:00:00Z,8.5,AEMET_ult24h
2026-02-17,01:00,2026-02-17T00:00:00Z,8.2,AEMET_ult24h
2026-02-17,02:00,2026-02-17T01:00:00Z,8.3,AEMET_ult24h
2026-02-17,03:00,2026-02-17T02:00:00Z,8.0,AEMET_ult24h
2026-02-17,04:00,2026-02-17T03:00:00Z,7.9,AEMET_ult24h
2026-02-17,05:00,2026-02-17T04:00:00Z,7.9,AEMET_ult24h
2026-02-17,06:00,2026-02-17T05:00:00Z,7.9,AEMET_ult24h
2026-02-17,07:00,2026-02-17T06:00:00Z,8.0,AEMET_ult24h
2026-02-17,08:00,2026-02-17T07:00:00Z,7.9,AEMET_ult24h
2026-02-17,09:00,2026-02-17T08:00:00Z,8.2,AEMET_ult24h
2026-02-17,10:00,2026-02-17T09:00:00Z,8.4,AEMET_ult24h
2026-02-17,11:00,2026-02-17T10:00:00Z,9.3,AEMET_ult24h
2026-02-17,12:00,2026-02-17T11:00:00Z,9.8,AEMET_ult24h
2026-02-17,13:00,2026-02-17T12:00:00Z,11.2,AEMET_ult24h
2026-02-17,14:00,2026-02-17T13:00:00Z,12.1,AEMET_ult24h
2026-02-17,15:00,2026-02-17T14:00:00Z,12.8,AEMET_ult24h
2026-02-17,16:00,2026-02-17T15:00:00Z,13.9,AEMET_ult24h
2026-02-17,17:00,2026-02-17T16:00:00Z,13.4,AEMET_ult24h
2026-02-17,18:00,2026-02-17T17:00:00Z,12.0,AEMET_ult24h
2026-02-17,19:00,2026-02-17T18:00:00Z,10.4,AEMET_ult24h
2026-02-17,20:00,2026-02-17T19:00:00Z,10.2,AEMET_ult24h
2026-02-17,21:00,2026-02-17T20:00:00Z,9.6,AEMET_ult24h
2026-02-17,22:00,2026-02-17T21:00:00Z,7.8,AEMET_ult24h
2026-02-17,23:00,2026-02-17T22:00:00Z,6.3,AEMET_ult24h
2026-02-18,00:00,2026-02-17T23:00:00Z,5.8,AEMET_ult24h
2026-02-18,01:00,2026-02-18T00:00:00Z,7.6,AEMET_ult24h
2026-02-18,02:00,2026-02-18T01:00:00Z,8.8,AEMET_ult24h
2026-02-18,03:00,2026-02-18T02:00:00Z,8.8,AEMET_ult24h
2026-02-18,04:00,2026-02-18T03:00:00Z,9.0,AEMET_ult24h
2026-02-18,05:00,2026-02-18T04:00:00Z,9.3,AEMET_ult24h
2026-02-18,06:00,2026-02-18T05:00:00Z,9.7,AEMET_ult24h
2026-02-18,07:00,2026-02-18T06:00:00Z,9.6,AEMET_ult24h
2026-02-18,08:00,2026-02-18T07:00:00Z,9.7,AEMET_ult24h
2026-02-18,09:00,2026-02-18T08:00:00Z,10.3,AEMET_ult24h
2026-02-18,10:00,2026-02-18T09:00:00Z,10.7,AEMET_ult24h
2026-02-18,11:00,2026-02-18T10:00:00Z,11.0,AEMET_ult24h
2026-02-18,12:00,2026-02-18T11:00:00Z,12.2,AEMET_ult24h
2026-02-18,13:00,2026-02-18T12:00:00Z,12.7,AEMET_ult24h
2026-02-18,14:00,2026-02-18T13:00:00Z,12.3,AEMET_ult24h
2026-02-18,15:00,2026-02-18T14:00:00Z,14.4,AEMET_ult24h
2026-02-18,16:00,2026-02-18T15:00:00Z,13.1,AEMET_ult24h
2026-02-18,17:00,2026-02-18T16:00:00Z,12.7,AEMET_ult24h
2026-02-18,18:00,2026-02-18T17:00:00Z,11.1,AEMET_ult24h
2026-02-18,19:00,2026-02-18T18:00:00Z,9.9,AEMET_ult24h
2026-02-18,20:00,2026-02-18T19:00:00Z,8.5,AEMET_ult24h
2026-02-18,21:00,2026-02-18T20:00:00Z,7.5,AEMET_ult24h
2026-02-18,22:00,2026-02-18T21:00:00Z,7.0,AEMET_ult24h
2026-02-18,23:00,2026-02-18T22:00:00Z,7.0,AEMET_ult24h
2026-02-19,00:00,2026-02-18T23:00:00Z,6.6,AEMET_ult24h
2026-02-19,01:00,2026-02-19T00:00:00Z,6.2,AEMET_ult24h
2026-02-19,02:00,2026-02-19T01:00:00Z,5.5,AEMET_ult24h
2026-02-19,03:00,2026-02-19T02:00:00Z,4.8,AEMET_ult24h
2026-02-19,04:00,2026-02-19T03:00:00Z,5.5,AEMET_ult24h
2026-02-19,05:00,2026-02-19T04:00:00Z,5.0,AEMET_ult24h
2026-02-19,06:00,2026-02-19T05:00:00Z,4.8,AEMET_ult24h
2026-02-19,07:00,2026-02-19T06:00:00Z,4.1,AEMET_ult24h
2026-02-19,08:00,2026-02-19T07:00:00Z,3.7,AEMET_ult24h
2026-02-19,09:00,2026-02-19T08:00:00Z,4.1,AEMET_ult24h
2026-02-19,10:00,2026-02-19T09:00:00Z,5.1,AEMET_ult24h
2026-02-19,11:00,2026-02-19T10:00:00Z,6.3,AEMET_ult24h
2026-02-19,12:00,2026-02-19T11:00:00Z,8.8,AEMET_ult24h
2026-02-19,13:00,2026-02-19T12:00:00Z,9.2,AEMET_ult24h
2026-02-19,14:00,2026-02-19T13:00:00Z,9.9,AEMET_ult24h
2026-02-19,15:00,2026-02-19T14:00:00Z,8.8,AEMET_ult24h
2026-02-19,16:00,2026-02-19T15:00:00Z,9.6,AEMET_ult24h
2026-02-19,17:00,2026-02-19T16:00:00Z,7.7,AEMET_ult24h
2026-02-19,18:00,2026-02-19T17:00:00Z,7.6,AEMET_ult24h
2026-02-19,19:00,2026-02-19T18:00:00Z,6.1,AEMET_ult24h
2026-02-19,20:00,2026-02-19T19:00:00Z,5.7,AEMET_ult24h
2026-02-19,21:00,2026-02-19T20:00:00Z,5.2,AEMET_ult24h
2026-02-19,22:00,2026-02-19T21:00:00Z,4.8,AEMET_ult24h
2026-02-19,23:00,2026-02-19T22:00:00Z,4.2,AEMET_ult24h
2026-02-20,00:00,2026-02-19T23:00:00Z,4.9,AEMET_ult24h
2026-02-20,01:00,2026-02-20T00:00:00Z,4.3,AEMET_ult24h
2026-02-20,02:00,2026-02-20T01:00:00Z,4.7,AEMET_ult24h
2026-02-20,03:00,2026-02-20T02:00:00Z,4.8,AEMET_ult24h
2026-02-20,04:00,2026-02-20T03:00:00Z,4.6,AEMET_ult24h
2026-02-20,05:00,2026-02-20T04:00:00Z,4.2,AEMET_ult24h
2026-02-20,06:00,2026-02-20T05:00:00Z,3.9,AEMET_ult24h
2026-02-20,07:00,2026-02-20T06:00:00Z,4.4,AEMET_ult24h
2026-02-20,08:00,2026-02-20T07:00:00Z,4.6,AEMET_ult24h
2026-02-20,09:00,2026-02-20T08:00:00Z,5.2,AEMET_ult24h
2026-02-20,10:00,2026-02-20T09:00:00Z,6.2,AEMET_ult24h
2026-02-20,11:00,2026-02-20T10:00:00Z,7.5,AEMET_ult24h
2026-02-20,12:00,2026-02-20T11:00:00Z,8.6,AEMET_ult24h
2026-02-20,13:00,2026-02-20T12:00:00Z,9.7,AEMET_ult24h
2026-02-20,14:00,2026-02-20T13:00:00Z,9.9,AEMET_ult24h
2026-02-20,15:00,2026-02-20T14:00:00Z,10.5,AEMET_ult24h
2026-02-20,16:00,2026-02-20T15:00:00Z,10.8,AEMET_ult24h
2026-02-20,17:00,2026-02-20T16:00:00Z,10.8,AEMET_ult24h
2026-02-20,18:00,2026-02-20T17:00:00Z,10.2,AEMET_ult24h
2026-02-20,19:00,2026-02-20T18:00:00Z,7.4,AEMET_ult24h
2026-02-20,20:00,2026-02-20T19:00:00Z,6.3,AEMET_ult24h
2026-02-20,21:00,2026-02-20T20:00:00Z,4.9,AEMET_ult24h
2026-02-20,22:00,2026-02-20T21:00:00Z,4.7,AEMET_ult24h
2026-02-20,23:00,2026-02-20T22:00:00Z,3.0,AEMET_ult24h
2026-02-21,00:00,2026-02-20T23:00:00Z,2.3,AEMET_ult24h
2026-02-21,01:00,2026-02-21T00:00:00Z,1.1,AEMET_ult24h
2026-02-21,02:00,2026-02-21T01:00:00Z,0.4,AEMET_ult24h
2026-02-21,03:00,2026-02-21T02:00:00Z,-0.3,AEMET_ult24h
2026-02-21,04:00,2026-02-21T03:00:00Z,-0.8,AEMET_ult24h
2026-02-21,05:00,2026-02-21T04:00:00Z,-1.0,AEMET_ult24h
2026-02-21,06:00,2026-02-21T05:00:00Z,-1.9,AEMET_ult24h
2026-02-21,07:00,2026-02-21T06:00:00Z,-1.4,AEMET_ult24h
2026-02-21,08:00,2026-02-21T07:00:00Z,-1.2,AEMET_ult24h
2026-02-21,09:00,2026-02-21T08:00:00Z,-0.3,AEMET_ult24h
2026-02-21,10:00,2026-02-21T09:00:00Z,0.5,AEMET_ult24h
2026-02-21,11:00,2026-02-21T10:00:00Z,1.8,AEMET_ult24h
2026-02-21,12:00,2026-02-21T11:00:00Z,4.2,AEMET_ult24h
2026-02-21,13:00,2026-02-21T12:00:00Z,8.4,AEMET_ult24h
2026-02-21,14:00,2026-02-21T13:00:00Z,11.7,AEMET_ult24h
2026-02-21,15:00,2026-02-21T14:00:00Z,14.3,AEMET_ult24h
2026-02-21,16:00,2026-02-21T15:00:00Z,15.7,AEMET_ult24h
2026-02-21,17:00,2026-02-21T16:00:00Z,16.5,AEMET_ult24h
2026-02-21,18:00,2026-02-21T17:00:00Z,16.5,AEMET_ult24h
2026-02-21,19:00,2026-02-21T18:00:00Z,12.7,AEMET_ult24h
2026-02-21,20:00,2026-02-21T19:00:00Z,9.1,AEMET_ult24h
2026-02-21,21:00,2026-02-21T20:00:00Z,6.8,AEMET_ult24h
2026-02-21,22:00,2026-02-21T21:00:00Z,5.0,AEMET_ult24h
2026-02-21,23:00,2026-02-21T22:00:00Z,3.9,AEMET_ult24h
2026-02-22,00:00,2026-02-21T23:00:00Z,3.5,AEMET_ult24h
2026-02-22,01:00,2026-02-22T00:00:00Z,2.4,AEMET_ult24h
2026-02-22,02:00,2026-02-22T01:00:00Z,1.6,AEMET_ult24h
2026-02-22,03:00,2026-02-22T02:00:00Z,1.2,AEMET_ult24h
2026-02-22,04:00,2026-02-22T03:00:00Z,0.9,AEMET_ult24h
2026-02-22,05:00,2026-02-22T04:00:00Z,-0.1,AEMET_ult24h
2026-02-22,06:00,2026-02-22T05:00:00Z,-0.4,AEMET_ult24h
2026-02-22,07:00,2026-02-22T06:00:00Z,-0.6,AEMET_ult24h
2026-02-22,08:00,2026-02-22T07:00:00Z,-1.0,AEMET_ult24h
2026-02-22,09:00,2026-02-22T08:00:00Z,0.3,AEMET_ult24h
2026-02-22,10:00,2026-02-22T09:00:00Z,3.9,AEMET_ult24h
2026-02-22,11:00,2026-02-22T10:00:00Z,7.3,AEMET_ult24h
2026-02-22,12:00,2026-02-22T11:00:00Z,11.2,AEMET_ult24h
2026-02-22,13:00,2026-02-22T12:00:00Z,14.6,AEMET_ult24h
2026-02-22,14:00,2026-02-22T13:00:00Z,17.3,AEMET_ult24h
2026-02-22,15:00,2026-02-22T14:00:00Z,18.6,AEMET_ult24h
2026-02-22,16:00,2026-02-22T15:00:00Z,19.5,AEMET_ult24h
2026-02-22,17:00,2026-02-22T16:00:00Z,19.4,AEMET_ult24h
2026-02-22,18:00,2026-02-22T17:00:00Z,18.9,AEMET_ult24h
2026-02-22,19:00,2026-02-22T18:00:00Z,14.2,AEMET_ult24h
2026-02-22,20:00,2026-02-22T19:00:00Z,10.3,AEMET_ult24h
2026-02-22,21:00,2026-02-22T20:00:00Z,8.2,AEMET_ult24h
2026-02-22,22:00,2026-02-22T21:00:00Z,6.9,AEMET_ult24h
2026-02-22,23:00,2026-02-22T22:00:00Z,4.6,AEMET_ult24h
2026-02-23,00:00,2026-02-22T23:00:00Z,4.4,AEMET_ult24h
2026-02-23,01:00,2026-02-23T00:00:00Z,3.7,AEMET_ult24h
2026-02-23,02:00,2026-02-23T01:00:00Z,3.0,AEMET_ult24h
2026-02-23,03:00,2026-02-23T02:00:00Z,2.3,AEMET_ult24h
2026-02-23,04:00,2026-02-23T03:00:00Z,1.5,AEMET_ult24h
2026-02-23,05:00,2026-02-23T04:00:00Z,0.7,AEMET_ult24h
2026-02-23,06:00,2026-02-23T05:00:00Z,0.1,AEMET_ult24h
